[28dic2025 17:09:45.590] [main/INFO] [cpw.mods.modlauncher.Launcher/MODLAUNCHER]: ModLauncher running: args [--launchTarget, forgeserver, --fml.forgeVersion, 47.4.0, --fml.mcVersion, 1.20.1, --fml.forgeGroup, net.minecraftforge, --fml.mcpVersion, 20230612.114412, nogui]
[28dic2025 17:09:45.595] [main/INFO] [cpw.mods.modlauncher.Launcher/MODLAUNCHER]: ModLauncher 10.0.9+10.0.9+main.dcd20f30 starting: java version 17.0.17 by Ubuntu; OS Linux arch amd64 version 6.14.0-37-generic
[28dic2025 17:09:49.340] [main/INFO] [net.minecraftforge.fml.loading.ImmediateWindowHandler/]: ImmediateWindowProvider not loading because launch target is forgeserver
[28dic2025 17:09:49.565] [main/INFO] [mixin/]: SpongePowered MIXIN Subsystem Version=0.8.5 Source=union:/home/daniel/Documentos/yair/servidor_minecraft/libraries/org/spongepowered/mixin/0.8.5/mixin-0.8.5.jar%2365!/ Service=ModLauncher Env=SERVER
[28dic2025 17:09:50.814] [main/WARN] [net.minecraftforge.fml.loading.moddiscovery.ModFileParser/LOADING]: Mod file /home/daniel/Documentos/yair/servidor_minecraft/libraries/net/minecraftforge/fmlcore/1.20.1-47.4.0/fmlcore-1.20.1-47.4.0.jar is missing mods.toml file
[28dic2025 17:09:50.837] [main/WARN] [net.minecraftforge.fml.loading.moddiscovery.ModFileParser/LOADING]: Mod file /home/daniel/Documentos/yair/servidor_minecraft/libraries/net/minecraftforge/javafmllanguage/1.20.1-47.4.0/javafmllanguage-1.20.1-47.4.0.jar is missing mods.toml file
[28dic2025 17:09:50.840] [main/WARN] [net.minecraftforge.fml.loading.moddiscovery.ModFileParser/LOADING]: Mod file /home/daniel/Documentos/yair/servidor_minecraft/libraries/net/minecraftforge/lowcodelanguage/1.20.1-47.4.0/lowcodelanguage-1.20.1-47.4.0.jar is missing mods.toml file
[28dic2025 17:09:50.842] [main/WARN] [net.minecraftforge.fml.loading.moddiscovery.ModFileParser/LOADING]: Mod file /home/daniel/Documentos/yair/servidor_minecraft/libraries/net/minecraftforge/mclanguage/1.20.1-47.4.0/mclanguage-1.20.1-47.4.0.jar is missing mods.toml file
[28dic2025 17:09:51.457] [main/INFO] [net.minecraftforge.fml.loading.moddiscovery.JarInJarDependencyLocator/]: Found 16 dependencies adding them to mods collection
[28dic2025 17:09:55.146] [main/INFO] [mixin/]: Compatibility level set to JAVA_17
[28dic2025 17:09:55.569] [main/INFO] [cpw.mods.modlauncher.LaunchServiceHandler/MODLAUNCHER]: Launching target 'forgeserver' with arguments [nogui]
[28dic2025 17:09:55.916] [main/INFO] [com.abdelaziz.saturn.common.Saturn/]: Loaded Saturn config file with 4 configurable options
[28dic2025 17:09:55.964] [main/WARN] [mixin/]: Reference map 'nerb-forge-refmap.json' for nerb.mixins.json could not be read. If this is a development environment you can ignore this message
[28dic2025 17:09:56.240] [main/WARN] [mixin/]: Reference map 'cobweb.refmap.json' for cobweb.mixins.json could not be read. If this is a development environment you can ignore this message
[28dic2025 17:09:56.242] [main/WARN] [mixin/]: Reference map 'cobweb.refmap.json' for cobweb.forge.mixins.json could not be read. If this is a development environment you can ignore this message
[28dic2025 17:09:56.304] [main/WARN] [mixin/]: Reference map 'harvest_with_ease.refmap.json' for harvest_with_ease.mixins.json could not be read. If this is a development environment you can ignore this message
[28dic2025 17:09:56.308] [main/WARN] [mixin/]: Reference map 'harvest_with_ease.refmap.json' for harvest_with_ease.forge.mixins.json could not be read. If this is a development environment you can ignore this message
[28dic2025 17:09:56.365] [main/WARN] [mixin/]: Reference map 'mixins.malisis_doors_revived.refmap.json' for mixins.malisis_doors_revived.json could not be read. If this is a development environment you can ignore this message
[28dic2025 17:09:56.639] [main/INFO] [Canary/]: Loaded configuration file for Canary: 116 options available, 0 override(s) found
[28dic2025 17:09:56.741] [main/WARN] [mixin/]: Reference map 'coroutil.refmap.json' for coroutil.mixins.json could not be read. If this is a development environment you can ignore this message
[28dic2025 17:09:56.757] [main/WARN] [mixin/]: Reference map 'cristellib-forge-refmap.json' for cristellib.mixins.json could not be read. If this is a development environment you can ignore this message
[28dic2025 17:09:59.222] [main/WARN] [mixin/]: Error loading class: tschipp/carryon/common/carry/PickupHandler (java.lang.ClassNotFoundException: tschipp.carryon.common.carry.PickupHandler)
[28dic2025 17:09:59.222] [main/WARN] [mixin/]: @Mixin target tschipp.carryon.common.carry.PickupHandler was not found fossil_forge.mixins.json:PickupHandlerMixin
[28dic2025 17:10:00.218] [main/ERROR] [net.minecraftforge.fml.loading.RuntimeDistCleaner/DISTXFORM]: Attempted to load class com/mojang/blaze3d/vertex/PoseStack$Pose for invalid dist DEDICATED_SERVER
[28dic2025 17:10:00.219] [main/WARN] [mixin/]: Error loading class: com/mojang/blaze3d/vertex/PoseStack$Pose (java.lang.RuntimeException: Attempted to load class com/mojang/blaze3d/vertex/PoseStack$Pose for invalid dist DEDICATED_SERVER)
[28dic2025 17:10:00.480] [main/INFO] [MixinExtras|Service/]: Initializing MixinExtras via com.llamalad7.mixinextras.service.MixinExtrasServiceImpl(version=0.4.1).
[28dic2025 17:10:00.983] [main/INFO] [Smooth Boot (Reloaded)/]: Smooth Boot (Reloaded) config initialized
[28dic2025 17:10:11.146] [modloading-worker-0/INFO] [Railways/]: Steam 'n' Rails v1.6.14-beta initializing! Commit hash: a23701697f25a217ed967b564a216a6429e07009 on Create version: 6.0.8 on platform: Forge
[28dic2025 17:10:11.576] [modloading-worker-0/INFO] [com.cupboard.Cupboard/]: Loaded config for: cupboard.json
[28dic2025 17:10:11.889] [modloading-worker-0/INFO] [dev.architectury.networking.forge.NetworkManagerImpl/]: Registering C2S receiver with id architectury:sync_ids
[28dic2025 17:10:12.138] [modloading-worker-0/INFO] [com.refinedmods.refinedstorage.apiimpl.API/]: Found 3 RS API injection points
[28dic2025 17:10:12.144] [modloading-worker-0/INFO] [com.refinedmods.refinedstorage.apiimpl.API/]: Injected RS API in com.enderio.conduits.common.integrations.refinedstorage.RSTicker RSAPI
[28dic2025 17:10:12.162] [modloading-worker-0/INFO] [com.refinedmods.refinedstorage.apiimpl.API/]: Injected RS API in com.enderio.conduits.common.integrations.refinedstorage.RSNodeHost RSAPI
[28dic2025 17:10:12.167] [modloading-worker-0/INFO] [com.refinedmods.refinedstorage.apiimpl.API/]: Injected RS API in com.refinedmods.refinedstorageaddons.RSAddons RSAPI
[28dic2025 17:10:12.171] [modloading-worker-0/INFO] [chloride/Main]: Chloride is not intended to be on servers, loaded in inner mode
[28dic2025 17:10:12.423] [modloading-worker-0/INFO] [coroutil/]: forge loader environment detected
[28dic2025 17:10:12.460] [modloading-worker-0/INFO] [de.melanx.extradisks.ExtraDisks/]: 14 blocks registered.
[28dic2025 17:10:12.461] [modloading-worker-0/INFO] [de.melanx.extradisks.ExtraDisks/]: 29 items registered.
[28dic2025 17:10:12.463] [modloading-worker-0/INFO] [de.melanx.extradisks.ExtraDisks/]: 13 tiles registered.
[28dic2025 17:10:12.464] [modloading-worker-0/INFO] [de.melanx.extradisks.ExtraDisks/]: 13 containers registered.
[28dic2025 17:10:12.498] [modloading-worker-0/INFO] [net.minecraftforge.common.ForgeMod/FORGEMOD]: Forge mod loading, version 47.4.0, for MC 1.20.1 with MCP 20230612.114412
[28dic2025 17:10:12.499] [modloading-worker-0/INFO] [net.minecraftforge.common.MinecraftForge/FORGE]: MinecraftForge v47.4.0 Initialized
[28dic2025 17:10:13.822] [modloading-worker-0/INFO] [com.simibubi.create.Create/]: Create 6.0.8 initializing! Commit hash: 1a1a9a2819b4f89f78caec41b55ed8cb222fa24b
[28dic2025 17:10:13.885] [modloading-worker-0/INFO] [Create Deco/]: Registering items for Create Deco
[28dic2025 17:10:14.033] [modloading-worker-0/INFO] [Create Deco/]: Registering blocks for Create Deco
[28dic2025 17:10:14.500] [modloading-worker-0/INFO] [dev.architectury.networking.forge.NetworkManagerImpl/]: Registering C2S receiver with id fossil:cap_channel/537e4f78f24b30e4bee5892e8d9314fa
[28dic2025 17:10:14.507] [modloading-worker-0/INFO] [dev.architectury.networking.forge.NetworkManagerImpl/]: Registering C2S receiver with id fossil:sync_channel/f7d73d83d6fa3fb99fb754f57f7238af
[28dic2025 17:10:14.509] [modloading-worker-0/INFO] [dev.architectury.networking.forge.NetworkManagerImpl/]: Registering C2S receiver with id fossil:sync_channel/5ecf814711a7357f8ebd58d771f05139
[28dic2025 17:10:14.515] [modloading-worker-0/INFO] [dev.architectury.networking.forge.NetworkManagerImpl/]: Registering C2S receiver with id fossil:sync_channel/2ae61e410df635b2b2c2d4eaa7b7afcb
[28dic2025 17:10:14.518] [modloading-worker-0/INFO] [dev.architectury.networking.forge.NetworkManagerImpl/]: Registering C2S receiver with id fossil:sync_channel/600dc9ad56393757ae8315ba075af416
[28dic2025 17:10:14.524] [modloading-worker-0/INFO] [dev.architectury.networking.forge.NetworkManagerImpl/]: Registering C2S receiver with id fossil:sync_channel/ec18fa987d5331379c9156102188220c
[28dic2025 17:10:14.530] [modloading-worker-0/INFO] [dev.architectury.networking.forge.NetworkManagerImpl/]: Registering C2S receiver with id fossil:sync_channel/b0228010ee3d3689beb49186e8009925
[28dic2025 17:10:14.533] [modloading-worker-0/INFO] [dev.architectury.networking.forge.NetworkManagerImpl/]: Registering C2S receiver with id fossil:sync_channel/ed688e568fc63151a34c0f912fce9d27
[28dic2025 17:10:14.539] [modloading-worker-0/INFO] [dev.architectury.networking.forge.NetworkManagerImpl/]: Registering C2S receiver with id fossil:sync_channel/8aaf614d5e2d39dd9e136e8c430145a9
[28dic2025 17:10:14.549] [modloading-worker-0/INFO] [dev.architectury.networking.forge.NetworkManagerImpl/]: Registering C2S receiver with id fossil:sync_channel/08e9f40b177134efbc5eb99e2ad6bcb5
[28dic2025 17:10:14.551] [modloading-worker-0/INFO] [dev.architectury.networking.forge.NetworkManagerImpl/]: Registering C2S receiver with id fossil:sync_channel/531d15ea7fd13018964a31b3ccac540a
[28dic2025 17:10:14.717] [modloading-worker-0/INFO] [justabattery/]: [JustABattery]: Starting. Thanks for using :+1:. Also many thanks to markygnlg, who suggested this mod idea in the first place!
[28dic2025 17:10:14.719] [modloading-worker-0/INFO] [justabattery/]: [JustABattery]: Reloading configuration file '/home/daniel/Documentos/yair/servidor_minecraft/config/justabattery.json'
[28dic2025 17:10:14.836] [modloading-worker-0/INFO] [justabattery/]: [JustABattery]: Configuration reloaded successful.
[28dic2025 17:10:15.105] [modloading-worker-0/INFO] [uwu.juni.wetland_whimsy.WetlandWhimsy/]: Whimsical
[28dic2025 17:10:15.307] [modloading-worker-0/INFO] [solarhelmet/]: Solar Helmet loading...
[28dic2025 17:10:15.313] [modloading-worker-0/INFO] [solarhelmet/]: Solar Helmet loaded.
[28dic2025 17:10:15.716] [modloading-worker-0/INFO] [Railways/]: Registered bogey styles from railways
[28dic2025 17:10:16.220] [modloading-worker-0/INFO] [Railways/]: Registering data fixers
[28dic2025 17:10:16.245] [modloading-worker-0/INFO] [com.mojang.datafixers.DataFixerBuilder/]: 0 Datafixer optimizations took 0 milliseconds
[28dic2025 17:10:16.269] [modloading-worker-0/INFO] [Railways/]: Registering tracks for Hex Casting
[28dic2025 17:10:16.270] [modloading-worker-0/INFO] [Railways/]: Registering tracks for Oh The Biomes You'll Go
[28dic2025 17:10:16.274] [modloading-worker-0/INFO] [Railways/]: Registering tracks for Blue Skies
[28dic2025 17:10:16.276] [modloading-worker-0/INFO] [Railways/]: Registering tracks for Twilight Forest
[28dic2025 17:10:16.277] [modloading-worker-0/INFO] [Railways/]: Registering tracks for Biomes O' Plenty
[28dic2025 17:10:16.319] [modloading-worker-0/INFO] [Railways/]: Registering tracks for Nature's Spirit
[28dic2025 17:10:16.320] [modloading-worker-0/INFO] [Railways/]: Registering tracks for Dreams and Desires
[28dic2025 17:10:16.323] [modloading-worker-0/INFO] [Railways/]: Registering tracks for Quark
[28dic2025 17:10:16.325] [modloading-worker-0/INFO] [Railways/]: Registering tracks for TerraFirmaCraft
[28dic2025 17:10:17.988] [main/INFO] [ModderNameLib/]: Posting AfterQuatlibEvent...
[28dic2025 17:10:17.991] [main/INFO] [ModderNameLib/]: Done posting AfterQuatlibEvent!
[28dic2025 17:10:18.152] [main/WARN] [net.minecraftforge.registries.ForgeRegistry/REGISTRIES]: Registry minecraft:sound_event: The object net.minecraft.sounds.SoundEvent@23b31c6c has been registered twice for the same name treechop:chop_wood.
[28dic2025 17:10:28.937] [main/WARN] [net.minecraftforge.common.ForgeConfigSpec/CORE]: Configuration file /home/daniel/Documentos/yair/servidor_minecraft/config/solarhelmet-common.toml is not correct. Correcting
[28dic2025 17:10:28.938] [main/WARN] [net.minecraftforge.common.ForgeConfigSpec/CORE]: Incorrect key General.energy_production_multiplier was corrected from 1.0 to its default, 1.0. 
[28dic2025 17:10:28.940] [Thread-1/WARN] [net.minecraftforge.fml.config.ConfigFileTypeHandler/CONFIG]: Configuration file /home/daniel/Documentos/yair/servidor_minecraft/config/solarhelmet-common.toml is not correct. Correcting
[28dic2025 17:10:28.972] [modloading-worker-0/INFO] [com.connectivity.Connectivity/]: Connectivity initialized
[28dic2025 17:10:28.973] [modloading-worker-0/INFO] [thetadev.constructionwand.ConstructionWand/]: ConstructionWand says hello - may the odds be ever in your favor.
[28dic2025 17:10:29.043] [modloading-worker-0/INFO] [mekanism.common.Mekanism/]: Version 10.4.16 initializing...
[28dic2025 17:10:29.050] [modloading-worker-0/INFO] [mekanism.common.Mekanism/]: Loaded 'Mekanism: Tools' module.
[28dic2025 17:10:29.057] [modloading-worker-0/INFO] [com.farsight.FarsightMod/]: farsight_view mod initialized
[28dic2025 17:10:29.064] [modloading-worker-0/INFO] [mekanism.common.Mekanism/]: Loaded 'Mekanism: Generators' module.
[28dic2025 17:10:29.069] [Forge Version Check/INFO] [net.minecraftforge.fml.VersionChecker/]: [saturn] Starting version check at https://github.com/AbdElAziz333/Saturn/raw/mc1.20.1/dev/updates.json
[28dic2025 17:10:29.100] [Immersive Engineering Contributors Thread/INFO] [immersiveengineering/]: Attempting to download special revolvers from GitHub
[28dic2025 17:10:29.196] [modloading-worker-0/INFO] [com.chunksending.ChunkSending/]: chunksending mod initialized
[28dic2025 17:10:29.488] [modloading-worker-0/INFO] [mekanism.common.Mekanism/]: Fake player readout: UUID = 46e82cd0-d480-3d48-800a-77431ede078e, name = [Mekanism]
[28dic2025 17:10:29.488] [modloading-worker-0/INFO] [mekanism.common.Mekanism/]: Mod loaded.
[28dic2025 17:10:29.862] [Forge Version Check/WARN] [net.minecraftforge.fml.VersionChecker/]: Failed to process update information
com.google.gson.JsonSyntaxException: java.lang.IllegalStateException: Expected BEGIN_OBJECT but was STRING at line 9 column 1 path $
	at com.google.gson.Gson.fromJson(Gson.java:1226) ~[gson-2.10.jar%2372!/:?]
	at com.google.gson.Gson.fromJson(Gson.java:1124) ~[gson-2.10.jar%2372!/:?]
	at com.google.gson.Gson.fromJson(Gson.java:1034) ~[gson-2.10.jar%2372!/:?]
	at com.google.gson.Gson.fromJson(Gson.java:969) ~[gson-2.10.jar%2372!/:?]
	at net.minecraftforge.fml.VersionChecker$1.process(VersionChecker.java:186) ~[fmlcore-1.20.1-47.4.0.jar%23294!/:?]
	at java.lang.Iterable.forEach(Iterable.java:75) ~[?:?]
	at net.minecraftforge.fml.VersionChecker$1.run(VersionChecker.java:117) ~[fmlcore-1.20.1-47.4.0.jar%23294!/:?]
Caused by: java.lang.IllegalStateException: Expected BEGIN_OBJECT but was STRING at line 9 column 1 path $
	at com.google.gson.stream.JsonReader.beginObject(JsonReader.java:393) ~[gson-2.10.jar%2372!/:?]
	at com.google.gson.internal.bind.MapTypeAdapterFactory$Adapter.read(MapTypeAdapterFactory.java:182) ~[gson-2.10.jar%2372!/:?]
	at com.google.gson.internal.bind.MapTypeAdapterFactory$Adapter.read(MapTypeAdapterFactory.java:144) ~[gson-2.10.jar%2372!/:?]
	at com.google.gson.Gson.fromJson(Gson.java:1214) ~[gson-2.10.jar%2372!/:?]
	... 6 more
[28dic2025 17:10:29.866] [Forge Version Check/INFO] [net.minecraftforge.fml.VersionChecker/]: [controlling] Starting version check at https://updates.blamejared.com/get?n=controlling&gv=1.20.1
[28dic2025 17:10:30.313] [main/INFO] [terrablender/]: Registered region minecraft:overworld to index 0 for type OVERWORLD
[28dic2025 17:10:30.314] [main/INFO] [terrablender/]: Registered region minecraft:nether to index 0 for type NETHER
[28dic2025 17:10:30.314] [main/INFO] [terrablender/]: Registered region fossil:overworld to index 1 for type OVERWORLD
[28dic2025 17:10:30.466] [main/INFO] [terrablender/]: Registered region biomesoplenty:overworld_primary to index 2 for type OVERWORLD
[28dic2025 17:10:30.467] [main/INFO] [terrablender/]: Registered region biomesoplenty:overworld_secondary to index 3 for type OVERWORLD
[28dic2025 17:10:30.467] [main/INFO] [terrablender/]: Registered region biomesoplenty:overworld_rare to index 4 for type OVERWORLD
[28dic2025 17:10:30.467] [main/INFO] [terrablender/]: Registered region biomesoplenty:nether_common to index 1 for type NETHER
[28dic2025 17:10:30.467] [main/INFO] [terrablender/]: Registered region biomesoplenty:nether_rare to index 2 for type NETHER
[28dic2025 17:10:30.548] [Forge Version Check/INFO] [net.minecraftforge.fml.VersionChecker/]: [controlling] Found status: BETA Current: 12.0.2 Target: 12.0.2
[28dic2025 17:10:30.548] [Forge Version Check/INFO] [net.minecraftforge.fml.VersionChecker/]: [cobweb] Starting version check at https://api.modrinth.com/updates/cobweb/forge_updates.json
[28dic2025 17:10:30.644] [main/INFO] [Framework/SYNCED_ENTITY_DATA]: Registered synced data key backpacked:unlock_tracker for minecraft:player
[28dic2025 17:10:30.645] [main/INFO] [Framework/SYNCED_ENTITY_DATA]: Registered synced data key backpacked:trader_pickpocketing for minecraft:wandering_trader
[28dic2025 17:10:30.770] [modloading-worker-0/INFO] [Jade/]: Start loading plugin at ht.treechop.compat.Jade
[28dic2025 17:10:30.802] [modloading-worker-0/INFO] [Jade/]: Start loading plugin at snownee.jade.addon.JadeAddonsBase
[28dic2025 17:10:30.826] [modloading-worker-0/INFO] [Jade/]: Start loading plugin at mekanism.common.integration.lookingat.jade.MekanismJadePlugin
[28dic2025 17:10:30.830] [modloading-worker-0/INFO] [Jade/]: Start loading plugin at com.github.teamfossilsarcheology.fossil.forge.compat.jade.FossilJadePluginForge
[28dic2025 17:10:30.833] [modloading-worker-0/INFO] [Jade/]: Start loading plugin at blusunrize.immersiveengineering.common.util.compat.jade.IEWailaPlugin
[28dic2025 17:10:30.836] [modloading-worker-0/INFO] [Jade/]: Start loading plugin at snownee.jade.addon.vanilla.VanillaPlugin
[28dic2025 17:10:30.857] [modloading-worker-0/INFO] [Jade/]: Start loading plugin at snownee.jade.addon.universal.UniversalPlugin
[28dic2025 17:10:30.869] [modloading-worker-0/INFO] [Jade/]: Start loading plugin at snownee.jade.addon.core.CorePlugin
[28dic2025 17:10:30.872] [modloading-worker-0/INFO] [Jade/]: Start loading plugin at xfacthd.framedblocks.common.compat.jade.FramedJadePlugin
[28dic2025 17:10:31.042] [Forge Version Check/INFO] [net.minecraftforge.fml.VersionChecker/]: [cobweb] Found status: UP_TO_DATE Current: 1.0.1 Target: null
[28dic2025 17:10:31.042] [Forge Version Check/INFO] [net.minecraftforge.fml.VersionChecker/]: [advancementplaques] Starting version check at https://mc-update-check.anthonyhilyard.com/499826
[28dic2025 17:10:31.735] [Forge Version Check/INFO] [net.minecraftforge.fml.VersionChecker/]: [advancementplaques] Found status: UP_TO_DATE Current: 1.6.9 Target: null
[28dic2025 17:10:31.735] [Forge Version Check/INFO] [net.minecraftforge.fml.VersionChecker/]: [mcwbridges] Starting version check at https://raw.githubusercontent.com/sketchmacaw/macawsmods/master/bridges.json
[28dic2025 17:10:32.187] [Forge Version Check/INFO] [net.minecraftforge.fml.VersionChecker/]: [mcwbridges] Found status: UP_TO_DATE Current: 3.1.0 Target: null
[28dic2025 17:10:32.187] [Forge Version Check/INFO] [net.minecraftforge.fml.VersionChecker/]: [searchables] Starting version check at https://updates.blamejared.com/get?n=searchables&gv=1.20.1
[28dic2025 17:10:32.401] [Forge Version Check/INFO] [net.minecraftforge.fml.VersionChecker/]: [searchables] Found status: BETA Current: 1.0.3 Target: 1.0.3
[28dic2025 17:10:32.401] [Forge Version Check/INFO] [net.minecraftforge.fml.VersionChecker/]: [gamemenumodoption] Starting version check at https://raw.githubusercontent.com/MORIMORI0317/GameMenuModOption/master/version_check.json
[28dic2025 17:10:32.422] [Forge Version Check/INFO] [net.minecraftforge.fml.VersionChecker/]: [gamemenumodoption] Found status: UP_TO_DATE Current: 2.2.1 Target: null
[28dic2025 17:10:32.424] [Forge Version Check/INFO] [net.minecraftforge.fml.VersionChecker/]: [harvest_with_ease] Starting version check at https://api.modrinth.com/updates/harvest-with-ease/forge_updates.json
[28dic2025 17:10:32.592] [Forge Version Check/INFO] [net.minecraftforge.fml.VersionChecker/]: [harvest_with_ease] Found status: UP_TO_DATE Current: 9.4.0 Target: null
[28dic2025 17:10:32.592] [Forge Version Check/INFO] [net.minecraftforge.fml.VersionChecker/]: [clumps] Starting version check at https://updates.blamejared.com/get?n=clumps&gv=1.20.1
[28dic2025 17:10:32.805] [Forge Version Check/INFO] [net.minecraftforge.fml.VersionChecker/]: [clumps] Found status: BETA Current: 12.0.0.4 Target: 12.0.0.4
[28dic2025 17:10:32.805] [Forge Version Check/INFO] [net.minecraftforge.fml.VersionChecker/]: [configured] Starting version check at https://mrcrayfish.com/modupdatejson?id=configured
[28dic2025 17:10:40.178] [main/INFO] [com.mojang.authlib.yggdrasil.YggdrasilAuthenticationService/]: Environment: authHost='https://authserver.mojang.com', accountsHost='https://api.mojang.com', sessionHost='https://sessionserver.mojang.com', servicesHost='https://api.minecraftservices.com', name='PROD'
[28dic2025 17:10:46.212] [main/WARN] [net.minecraft.server.packs.VanillaPackResourcesBuilder/]: Assets URL 'union:/home/daniel/Documentos/yair/servidor_minecraft/libraries/net/minecraft/server/1.20.1-20230612.114412/server-1.20.1-20230612.114412-srg.jar%23293!/assets/.mcassetsroot' uses unexpected schema
[28dic2025 17:10:46.212] [main/WARN] [net.minecraft.server.packs.VanillaPackResourcesBuilder/]: Assets URL 'union:/home/daniel/Documentos/yair/servidor_minecraft/libraries/net/minecraft/server/1.20.1-20230612.114412/server-1.20.1-20230612.114412-srg.jar%23293!/data/.mcassetsroot' uses unexpected schema
[28dic2025 17:10:46.747] [main/INFO] [com.simibubi.create.Create/]: Created 456 recipes which will be injected into the game
[28dic2025 17:10:46.763] [main/INFO] [com.simibubi.create.Create/]: Created 15 tags which will be injected into the game
[28dic2025 17:10:47.112] [main/INFO] [com.teamabnormals.blueprint.core.Blueprint/]: Successfully loaded 0 data remolders!
[28dic2025 17:10:47.808] [Forge Version Check/WARN] [net.minecraftforge.fml.VersionChecker/]: Failed to process update information
java.net.http.HttpConnectTimeoutException: HTTP connect timed out
	at jdk.internal.net.http.HttpClientImpl.send(HttpClientImpl.java:894) ~[java.net.http:?]
	at jdk.internal.net.http.HttpClientFacade.send(HttpClientFacade.java:133) ~[java.net.http:?]
	at net.minecraftforge.fml.VersionChecker$1.openUrlString(VersionChecker.java:142) ~[fmlcore-1.20.1-47.4.0.jar%23294!/:?]
	at net.minecraftforge.fml.VersionChecker$1.process(VersionChecker.java:180) ~[fmlcore-1.20.1-47.4.0.jar%23294!/:?]
	at java.lang.Iterable.forEach(Iterable.java:75) ~[?:?]
	at net.minecraftforge.fml.VersionChecker$1.run(VersionChecker.java:117) ~[fmlcore-1.20.1-47.4.0.jar%23294!/:?]
Caused by: java.net.http.HttpConnectTimeoutException: HTTP connect timed out
	at jdk.internal.net.http.ResponseTimerEvent.handle(ResponseTimerEvent.java:68) ~[java.net.http:?]
	at jdk.internal.net.http.HttpClientImpl.purgeTimeoutsAndReturnNextDeadline(HttpClientImpl.java:1693) ~[java.net.http:?]
	at jdk.internal.net.http.HttpClientImpl$SelectorManager.run(HttpClientImpl.java:1311) ~[java.net.http:?]
Caused by: java.net.ConnectException: HTTP connect timed out
	at jdk.internal.net.http.ResponseTimerEvent.handle(ResponseTimerEvent.java:69) ~[java.net.http:?]
	at jdk.internal.net.http.HttpClientImpl.purgeTimeoutsAndReturnNextDeadline(HttpClientImpl.java:1693) ~[java.net.http:?]
	at jdk.internal.net.http.HttpClientImpl$SelectorManager.run(HttpClientImpl.java:1311) ~[java.net.http:?]
[28dic2025 17:10:47.809] [Forge Version Check/INFO] [net.minecraftforge.fml.VersionChecker/]: [additional_lights] Starting version check at https://gist.githubusercontent.com/mgen256/59abe85e7950f2319e7538afe2f910ba/raw
[28dic2025 17:10:47.896] [Forge Version Check/INFO] [net.minecraftforge.fml.VersionChecker/]: [additional_lights] Found status: UP_TO_DATE Current: 2.1.7 Target: null
[28dic2025 17:10:47.896] [Forge Version Check/INFO] [net.minecraftforge.fml.VersionChecker/]: [extradisks] Starting version check at https://assets.melanx.de/updates/extra-disks.json
[28dic2025 17:10:48.549] [Forge Version Check/INFO] [net.minecraftforge.fml.VersionChecker/]: [extradisks] Found status: BETA Current: 1.20.1-3.0.3 Target: 1.20.1-3.0.3
[28dic2025 17:10:48.549] [Forge Version Check/INFO] [net.minecraftforge.fml.VersionChecker/]: [forge] Starting version check at https://files.minecraftforge.net/net/minecraftforge/forge/promotions_slim.json
[28dic2025 17:10:49.162] [Forge Version Check/INFO] [net.minecraftforge.fml.VersionChecker/]: [forge] Found status: OUTDATED Current: 47.4.0 Target: 47.4.10
[28dic2025 17:10:49.162] [Forge Version Check/INFO] [net.minecraftforge.fml.VersionChecker/]: [immersiveengineering] Starting version check at https://raw.githubusercontent.com/BluSunrize/ImmersiveEngineering/1.20.1/changelog.json
[28dic2025 17:10:49.263] [Forge Version Check/INFO] [net.minecraftforge.fml.VersionChecker/]: [immersiveengineering] Found status: AHEAD Current: 1.20.1-10.2.0-183 Target: null
[28dic2025 17:10:49.263] [Forge Version Check/INFO] [net.minecraftforge.fml.VersionChecker/]: [smoothboot] Starting version check at https://github.com/AbdElAziz333/SmoothBoot-Reloaded/raw/mc1.20.1/dev/updates.json
[28dic2025 17:10:49.453] [Forge Version Check/INFO] [net.minecraftforge.fml.VersionChecker/]: [smoothboot] Found status: UP_TO_DATE Current: 0.0.4 Target: null
[28dic2025 17:10:49.454] [Forge Version Check/INFO] [net.minecraftforge.fml.VersionChecker/]: [iceberg] Starting version check at https://mc-update-check.anthonyhilyard.com/520110
[28dic2025 17:10:49.947] [Forge Version Check/INFO] [net.minecraftforge.fml.VersionChecker/]: [iceberg] Found status: UP_TO_DATE Current: 1.1.25 Target: null
[28dic2025 17:10:49.947] [Forge Version Check/INFO] [net.minecraftforge.fml.VersionChecker/]: [backpacked] Starting version check at https://mrcrayfish.com/modupdatejson?id=backpacked
[28dic2025 17:10:51.312] [Worker-Main-2/ERROR] [net.minecraftforge.common.ForgeHooks/]: Couldn't parse element loot_tables:wetland_whimsy:blocks/ender_brazier
com.google.gson.JsonSyntaxException: Expected name to be an item, was unknown string 'wetland_whimsy:ender_brazier'
	at net.minecraft.util.GsonHelper.m_13866_(GsonHelper.java:145) ~[server-1.20.1-20230612.114412-srg.jar%23293!/:?]
	at java.util.Optional.orElseThrow(Optional.java:403) ~[?:?]
	at net.minecraft.util.GsonHelper.m_13874_(GsonHelper.java:145) ~[server-1.20.1-20230612.114412-srg.jar%23293!/:?]
	at net.minecraft.util.GsonHelper.m_13909_(GsonHelper.java:153) ~[server-1.20.1-20230612.114412-srg.jar%23293!/:?]
	at net.minecraft.world.level.storage.loot.entries.LootItem$Serializer.m_7267_(LootItem.java:55) ~[server-1.20.1-20230612.114412-srg.jar%23293!/:?]
	at net.minecraft.world.level.storage.loot.entries.LootItem$Serializer.m_7267_(LootItem.java:40) ~[server-1.20.1-20230612.114412-srg.jar%23293!/:?]
	at net.minecraft.world.level.storage.loot.entries.LootPoolSingletonContainer$Serializer.m_5921_(LootPoolSingletonContainer.java:151) ~[server-1.20.1-20230612.114412-srg.jar%23293!/:?]
	at net.minecraft.world.level.storage.loot.entries.LootPoolSingletonContainer$Serializer.m_5921_(LootPoolSingletonContainer.java:129) ~[server-1.20.1-20230612.114412-srg.jar%23293!/:?]
	at net.minecraft.world.level.storage.loot.entries.LootPoolEntryContainer$Serializer.m_7561_(LootPoolEntryContainer.java:86) ~[server-1.20.1-20230612.114412-srg.jar%23293!/:?]
	at net.minecraft.world.level.storage.loot.entries.LootPoolEntryContainer$Serializer.m_7561_(LootPoolEntryContainer.java:74) ~[server-1.20.1-20230612.114412-srg.jar%23293!/:?]
	at net.minecraft.world.level.storage.loot.GsonAdapterFactory$JsonAdapter.deserialize(GsonAdapterFactory.java:102) ~[server-1.20.1-20230612.114412-srg.jar%23293!/:?]
	at com.google.gson.internal.bind.TreeTypeAdapter.read(TreeTypeAdapter.java:76) ~[gson-2.10.jar%2372!/:?]
	at com.google.gson.internal.bind.TypeAdapterRuntimeTypeWrapper.read(TypeAdapterRuntimeTypeWrapper.java:40) ~[gson-2.10.jar%2372!/:?]
	at com.google.gson.internal.bind.ArrayTypeAdapter.read(ArrayTypeAdapter.java:72) ~[gson-2.10.jar%2372!/:?]
	at com.google.gson.Gson.fromJson(Gson.java:1214) ~[gson-2.10.jar%2372!/:?]
	at com.google.gson.Gson.fromJson(Gson.java:1319) ~[gson-2.10.jar%2372!/:?]
	at com.google.gson.Gson.fromJson(Gson.java:1290) ~[gson-2.10.jar%2372!/:?]
	at com.google.gson.internal.bind.TreeTypeAdapter$GsonContextImpl.deserialize(TreeTypeAdapter.java:179) ~[gson-2.10.jar%2372!/:?]
	at net.minecraft.util.GsonHelper.m_13808_(GsonHelper.java:463) ~[server-1.20.1-20230612.114412-srg.jar%23293!/:?]
	at net.minecraft.util.GsonHelper.m_13836_(GsonHelper.java:471) ~[server-1.20.1-20230612.114412-srg.jar%23293!/:?]
	at net.minecraft.world.level.storage.loot.LootPool$Serializer.deserialize(LootPool.java:192) ~[server-1.20.1-20230612.114412-srg.jar%23293!/:?]
	at net.minecraft.world.level.storage.loot.LootPool$Serializer.deserialize(LootPool.java:189) ~[server-1.20.1-20230612.114412-srg.jar%23293!/:?]
	at com.google.gson.internal.bind.TreeTypeAdapter.read(TreeTypeAdapter.java:76) ~[gson-2.10.jar%2372!/:?]
	at com.google.gson.internal.bind.TypeAdapterRuntimeTypeWrapper.read(TypeAdapterRuntimeTypeWrapper.java:40) ~[gson-2.10.jar%2372!/:?]
	at com.google.gson.internal.bind.ArrayTypeAdapter.read(ArrayTypeAdapter.java:72) ~[gson-2.10.jar%2372!/:?]
	at com.google.gson.Gson.fromJson(Gson.java:1214) ~[gson-2.10.jar%2372!/:?]
	at com.google.gson.Gson.fromJson(Gson.java:1319) ~[gson-2.10.jar%2372!/:?]
	at com.google.gson.Gson.fromJson(Gson.java:1290) ~[gson-2.10.jar%2372!/:?]
	at com.google.gson.internal.bind.TreeTypeAdapter$GsonContextImpl.deserialize(TreeTypeAdapter.java:179) ~[gson-2.10.jar%2372!/:?]
	at net.minecraft.util.GsonHelper.m_13808_(GsonHelper.java:463) ~[server-1.20.1-20230612.114412-srg.jar%23293!/:?]
	at net.minecraft.util.GsonHelper.m_13845_(GsonHelper.java:481) ~[server-1.20.1-20230612.114412-srg.jar%23293!/:?]
	at net.minecraft.world.level.storage.loot.LootTable$Serializer.deserialize(LootTable.java:294) ~[server-1.20.1-20230612.114412-srg.jar%23293!/:?]
	at net.minecraft.world.level.storage.loot.LootTable$Serializer.deserialize(LootTable.java:291) ~[server-1.20.1-20230612.114412-srg.jar%23293!/:?]
	at com.google.gson.internal.bind.TreeTypeAdapter.read(TreeTypeAdapter.java:76) ~[gson-2.10.jar%2372!/:?]
	at com.google.gson.Gson.fromJson(Gson.java:1214) ~[gson-2.10.jar%2372!/:?]
	at com.google.gson.Gson.fromJson(Gson.java:1319) ~[gson-2.10.jar%2372!/:?]
	at com.google.gson.Gson.fromJson(Gson.java:1261) ~[gson-2.10.jar%2372!/:?]
	at net.minecraftforge.common.ForgeHooks.loadLootTable(ForgeHooks.java:871) ~[forge-1.20.1-47.4.0-universal.jar%23298!/:?]
	at net.minecraftforge.common.ForgeHooks.lambda$getLootTableDeserializer$3(ForgeHooks.java:848) ~[forge-1.20.1-47.4.0-universal.jar%23298!/:?]
	at net.minecraft.world.level.storage.loot.LootDataType.deserialize(LootDataType.java:45) ~[server-1.20.1-20230612.114412-srg.jar%23293!/:?]
	at net.minecraft.world.level.storage.loot.LootDataManager.lambda$scheduleElementParse$4(LootDataManager.java:56) ~[server-1.20.1-20230612.114412-srg.jar%23293!/:?]
	at java.util.HashMap.forEach(HashMap.java:1421) ~[?:?]
	at net.minecraft.world.level.storage.loot.LootDataManager.m_278660_(LootDataManager.java:55) ~[server-1.20.1-20230612.114412-srg.jar%23293!/:?]
	at java.util.concurrent.CompletableFuture$AsyncRun.run(CompletableFuture.java:1804) ~[?:?]
	at java.util.concurrent.CompletableFuture$AsyncRun.exec(CompletableFuture.java:1796) ~[?:?]
	at java.util.concurrent.ForkJoinTask.doExec(ForkJoinTask.java:373) ~[?:?]
	at java.util.concurrent.ForkJoinPool$WorkQueue.topLevelExec(ForkJoinPool.java:1182) ~[?:?]
	at java.util.concurrent.ForkJoinPool.scan(ForkJoinPool.java:1655) ~[?:?]
	at java.util.concurrent.ForkJoinPool.runWorker(ForkJoinPool.java:1622) ~[?:?]
	at java.util.concurrent.ForkJoinWorkerThread.run(ForkJoinWorkerThread.java:165) ~[?:?]
[28dic2025 17:10:51.703] [Worker-Main-2/ERROR] [net.minecraftforge.common.ForgeHooks/]: Couldn't parse element loot_tables:wetland_whimsy:blocks/cupric_brazier
com.google.gson.JsonSyntaxException: Expected name to be an item, was unknown string 'wetland_whimsy:cupric_brazier'
	at net.minecraft.util.GsonHelper.m_13866_(GsonHelper.java:145) ~[server-1.20.1-20230612.114412-srg.jar%23293!/:?]
	at java.util.Optional.orElseThrow(Optional.java:403) ~[?:?]
	at net.minecraft.util.GsonHelper.m_13874_(GsonHelper.java:145) ~[server-1.20.1-20230612.114412-srg.jar%23293!/:?]
	at net.minecraft.util.GsonHelper.m_13909_(GsonHelper.java:153) ~[server-1.20.1-20230612.114412-srg.jar%23293!/:?]
	at net.minecraft.world.level.storage.loot.entries.LootItem$Serializer.m_7267_(LootItem.java:55) ~[server-1.20.1-20230612.114412-srg.jar%23293!/:?]
	at net.minecraft.world.level.storage.loot.entries.LootItem$Serializer.m_7267_(LootItem.java:40) ~[server-1.20.1-20230612.114412-srg.jar%23293!/:?]
	at net.minecraft.world.level.storage.loot.entries.LootPoolSingletonContainer$Serializer.m_5921_(LootPoolSingletonContainer.java:151) ~[server-1.20.1-20230612.114412-srg.jar%23293!/:?]
	at net.minecraft.world.level.storage.loot.entries.LootPoolSingletonContainer$Serializer.m_5921_(LootPoolSingletonContainer.java:129) ~[server-1.20.1-20230612.114412-srg.jar%23293!/:?]
	at net.minecraft.world.level.storage.loot.entries.LootPoolEntryContainer$Serializer.m_7561_(LootPoolEntryContainer.java:86) ~[server-1.20.1-20230612.114412-srg.jar%23293!/:?]
	at net.minecraft.world.level.storage.loot.entries.LootPoolEntryContainer$Serializer.m_7561_(LootPoolEntryContainer.java:74) ~[server-1.20.1-20230612.114412-srg.jar%23293!/:?]
	at net.minecraft.world.level.storage.loot.GsonAdapterFactory$JsonAdapter.deserialize(GsonAdapterFactory.java:102) ~[server-1.20.1-20230612.114412-srg.jar%23293!/:?]
	at com.google.gson.internal.bind.TreeTypeAdapter.read(TreeTypeAdapter.java:76) ~[gson-2.10.jar%2372!/:?]
	at com.google.gson.internal.bind.TypeAdapterRuntimeTypeWrapper.read(TypeAdapterRuntimeTypeWrapper.java:40) ~[gson-2.10.jar%2372!/:?]
	at com.google.gson.internal.bind.ArrayTypeAdapter.read(ArrayTypeAdapter.java:72) ~[gson-2.10.jar%2372!/:?]
	at com.google.gson.Gson.fromJson(Gson.java:1214) ~[gson-2.10.jar%2372!/:?]
	at com.google.gson.Gson.fromJson(Gson.java:1319) ~[gson-2.10.jar%2372!/:?]
	at com.google.gson.Gson.fromJson(Gson.java:1290) ~[gson-2.10.jar%2372!/:?]
	at com.google.gson.internal.bind.TreeTypeAdapter$GsonContextImpl.deserialize(TreeTypeAdapter.java:179) ~[gson-2.10.jar%2372!/:?]
	at net.minecraft.util.GsonHelper.m_13808_(GsonHelper.java:463) ~[server-1.20.1-20230612.114412-srg.jar%23293!/:?]
	at net.minecraft.util.GsonHelper.m_13836_(GsonHelper.java:471) ~[server-1.20.1-20230612.114412-srg.jar%23293!/:?]
	at net.minecraft.world.level.storage.loot.LootPool$Serializer.deserialize(LootPool.java:192) ~[server-1.20.1-20230612.114412-srg.jar%23293!/:?]
	at net.minecraft.world.level.storage.loot.LootPool$Serializer.deserialize(LootPool.java:189) ~[server-1.20.1-20230612.114412-srg.jar%23293!/:?]
	at com.google.gson.internal.bind.TreeTypeAdapter.read(TreeTypeAdapter.java:76) ~[gson-2.10.jar%2372!/:?]
	at com.google.gson.internal.bind.TypeAdapterRuntimeTypeWrapper.read(TypeAdapterRuntimeTypeWrapper.java:40) ~[gson-2.10.jar%2372!/:?]
	at com.google.gson.internal.bind.ArrayTypeAdapter.read(ArrayTypeAdapter.java:72) ~[gson-2.10.jar%2372!/:?]
	at com.google.gson.Gson.fromJson(Gson.java:1214) ~[gson-2.10.jar%2372!/:?]
	at com.google.gson.Gson.fromJson(Gson.java:1319) ~[gson-2.10.jar%2372!/:?]
	at com.google.gson.Gson.fromJson(Gson.java:1290) ~[gson-2.10.jar%2372!/:?]
	at com.google.gson.internal.bind.TreeTypeAdapter$GsonContextImpl.deserialize(TreeTypeAdapter.java:179) ~[gson-2.10.jar%2372!/:?]
	at net.minecraft.util.GsonHelper.m_13808_(GsonHelper.java:463) ~[server-1.20.1-20230612.114412-srg.jar%23293!/:?]
	at net.minecraft.util.GsonHelper.m_13845_(GsonHelper.java:481) ~[server-1.20.1-20230612.114412-srg.jar%23293!/:?]
	at net.minecraft.world.level.storage.loot.LootTable$Serializer.deserialize(LootTable.java:294) ~[server-1.20.1-20230612.114412-srg.jar%23293!/:?]
	at net.minecraft.world.level.storage.loot.LootTable$Serializer.deserialize(LootTable.java:291) ~[server-1.20.1-20230612.114412-srg.jar%23293!/:?]
	at com.google.gson.internal.bind.TreeTypeAdapter.read(TreeTypeAdapter.java:76) ~[gson-2.10.jar%2372!/:?]
	at com.google.gson.Gson.fromJson(Gson.java:1214) ~[gson-2.10.jar%2372!/:?]
	at com.google.gson.Gson.fromJson(Gson.java:1319) ~[gson-2.10.jar%2372!/:?]
	at com.google.gson.Gson.fromJson(Gson.java:1261) ~[gson-2.10.jar%2372!/:?]
	at net.minecraftforge.common.ForgeHooks.loadLootTable(ForgeHooks.java:871) ~[forge-1.20.1-47.4.0-universal.jar%23298!/:?]
	at net.minecraftforge.common.ForgeHooks.lambda$getLootTableDeserializer$3(ForgeHooks.java:848) ~[forge-1.20.1-47.4.0-universal.jar%23298!/:?]
	at net.minecraft.world.level.storage.loot.LootDataType.deserialize(LootDataType.java:45) ~[server-1.20.1-20230612.114412-srg.jar%23293!/:?]
	at net.minecraft.world.level.storage.loot.LootDataManager.lambda$scheduleElementParse$4(LootDataManager.java:56) ~[server-1.20.1-20230612.114412-srg.jar%23293!/:?]
	at java.util.HashMap.forEach(HashMap.java:1421) ~[?:?]
	at net.minecraft.world.level.storage.loot.LootDataManager.m_278660_(LootDataManager.java:55) ~[server-1.20.1-20230612.114412-srg.jar%23293!/:?]
	at java.util.concurrent.CompletableFuture$AsyncRun.run(CompletableFuture.java:1804) ~[?:?]
	at java.util.concurrent.CompletableFuture$AsyncRun.exec(CompletableFuture.java:1796) ~[?:?]
	at java.util.concurrent.ForkJoinTask.doExec(ForkJoinTask.java:373) ~[?:?]
	at java.util.concurrent.ForkJoinPool$WorkQueue.topLevelExec(ForkJoinPool.java:1182) ~[?:?]
	at java.util.concurrent.ForkJoinPool.scan(ForkJoinPool.java:1655) ~[?:?]
	at java.util.concurrent.ForkJoinPool.runWorker(ForkJoinPool.java:1622) ~[?:?]
	at java.util.concurrent.ForkJoinWorkerThread.run(ForkJoinWorkerThread.java:165) ~[?:?]
[28dic2025 17:10:51.899] [main/INFO] [com.teamabnormals.blueprint.core.Blueprint/]: Loot Modification Manager has loaded 0 modifier groups
[28dic2025 17:10:52.118] [main/INFO] [net.minecraft.world.item.crafting.RecipeManager/]: Skipping loading recipe chisel_chipped_integration:stonecutter/gem/redstone/gem_redstone_slanted as it's serializer returned null
[28dic2025 17:10:52.122] [main/INFO] [net.minecraft.world.item.crafting.RecipeManager/]: Skipping loading recipe chisel_chipped_integration:stonecutter/carpet/carpet_llama_red as it's serializer returned null
[28dic2025 17:10:52.137] [main/INFO] [net.minecraft.world.item.crafting.RecipeManager/]: Skipping loading recipe chisel_chipped_integration:stonecutter/wool/wool_legacy_brown as it's serializer returned null
[28dic2025 17:10:52.145] [main/INFO] [net.minecraft.world.item.crafting.RecipeManager/]: Skipping loading recipe chisel_chipped_integration:stonecutter/gem/redstone/gem_redstone_encased_bricks as it's serializer returned null
[28dic2025 17:10:52.162] [main/INFO] [net.minecraft.world.item.crafting.RecipeManager/]: Skipping loading recipe chisel_chipped_integration:stonecutter/gem/redstone/gem_redstone_big_tile as it's serializer returned null
[28dic2025 17:10:52.173] [main/INFO] [net.minecraft.world.item.crafting.RecipeManager/]: Skipping loading recipe chisel_chipped_integration:stonecutter/gem/redstone/gem_redstone_cracked as it's serializer returned null
[28dic2025 17:10:52.184] [main/INFO] [net.minecraft.world.item.crafting.RecipeManager/]: Skipping loading recipe chisel_chipped_integration:stonecutter/gem/redstone/gem_redstone_ornate as it's serializer returned null
[28dic2025 17:10:52.188] [main/INFO] [net.minecraft.world.item.crafting.RecipeManager/]: Skipping loading recipe chisel_chipped_integration:stonecutter/metals/copper/metal_copper_bolted as it's serializer returned null
[28dic2025 17:10:52.195] [main/INFO] [net.minecraft.world.item.crafting.RecipeManager/]: Skipping loading recipe chisel_chipped_integration:stonecutter/wool/wool_llama_black as it's serializer returned null
[28dic2025 17:10:52.198] [main/INFO] [net.minecraft.world.item.crafting.RecipeManager/]: Skipping loading recipe chisel_chipped_integration:stonecutter/carpet/carpet_llama_light_blue as it's serializer returned null
[28dic2025 17:10:52.203] [main/INFO] [net.minecraft.world.item.crafting.RecipeManager/]: Skipping loading recipe chisel_chipped_integration:stonecutter/gem/emerald/gem_emerald_smooth as it's serializer returned null
[28dic2025 17:10:52.210] [main/INFO] [net.minecraft.world.item.crafting.RecipeManager/]: Skipping loading recipe chisel_chipped_integration:stonecutter/tyrian/tyrian_black_scaled_plates as it's serializer returned null
[28dic2025 17:10:52.212] [main/INFO] [net.minecraft.world.item.crafting.RecipeManager/]: Skipping loading recipe chisel_chipped_integration:stonecutter/wool/wool_llama_blue as it's serializer returned null
[28dic2025 17:10:52.217] [main/INFO] [net.minecraft.world.item.crafting.RecipeManager/]: Skipping loading recipe chisel_chipped_integration:stonecutter/gem/emerald/gem_emerald_prism as it's serializer returned null
[28dic2025 17:10:52.217] [main/INFO] [net.minecraft.world.item.crafting.RecipeManager/]: Skipping loading recipe chisel_chipped_integration:stonecutter/carpet/carpet_legacy_orange as it's serializer returned null
[28dic2025 17:10:52.220] [main/INFO] [net.minecraft.world.item.crafting.RecipeManager/]: Skipping loading recipe chisel_chipped_integration:stonecutter/metals/iron/metal_iron_egregious as it's serializer returned null
[28dic2025 17:10:52.227] [main/INFO] [net.minecraft.world.item.crafting.RecipeManager/]: Skipping loading recipe chisel_chipped_integration:stonecutter/wool/wool_llama_lime as it's serializer returned null
[28dic2025 17:10:52.228] [main/INFO] [net.minecraft.world.item.crafting.RecipeManager/]: Skipping loading recipe chisel_chipped_integration:stonecutter/wool/wool_legacy_pink as it's serializer returned null
[28dic2025 17:10:52.229] [main/INFO] [net.minecraft.world.item.crafting.RecipeManager/]: Skipping loading recipe chisel_chipped_integration:stonecutter/metals/uranium/metal_uranium_caution as it's serializer returned null
[28dic2025 17:10:52.229] [main/INFO] [net.minecraft.world.item.crafting.RecipeManager/]: Skipping loading recipe enderio:ae_covered_dense_cable as it's serializer returned null
[28dic2025 17:10:52.233] [main/INFO] [net.minecraft.world.item.crafting.RecipeManager/]: Skipping loading recipe chisel_chipped_integration:stonecutter/tyrian/tyrian_purple_plates as it's serializer returned null
[28dic2025 17:10:52.236] [main/INFO] [net.minecraft.world.item.crafting.RecipeManager/]: Skipping loading recipe chisel_chipped_integration:stonecutter/futura/futura_me_controller_ae_2 as it's serializer returned null
[28dic2025 17:10:52.238] [main/INFO] [net.minecraft.world.item.crafting.RecipeManager/]: Skipping loading recipe chisel_chipped_integration:stonecutter/factory/factory_circuit as it's serializer returned null
[28dic2025 17:10:52.248] [main/INFO] [net.minecraft.world.item.crafting.RecipeManager/]: Skipping loading recipe chisel_chipped_integration:stonecutter/laboratory/laboratory_large_steel as it's serializer returned null
[28dic2025 17:10:52.250] [main/INFO] [net.minecraft.world.item.crafting.RecipeManager/]: Skipping loading recipe chisel_chipped_integration:stonecutter/metals/steel/metal_steel_industrial_relic as it's serializer returned null
[28dic2025 17:10:52.251] [main/INFO] [net.minecraft.world.item.crafting.RecipeManager/]: Skipping loading recipe chisel_chipped_integration:stonecutter/factory/factory_purple_wireframe as it's serializer returned null
[28dic2025 17:10:52.266] [main/INFO] [net.minecraft.world.item.crafting.RecipeManager/]: Skipping loading recipe chisel_chipped_integration:stonecutter/gem/redstone/gem_redstone_layers as it's serializer returned null
[28dic2025 17:10:52.271] [main/INFO] [net.minecraft.world.item.crafting.RecipeManager/]: Skipping loading recipe chisel_chipped_integration:stonecutter/carpet/carpet_legacy_cyan as it's serializer returned null
[28dic2025 17:10:52.287] [main/INFO] [net.minecraft.world.item.crafting.RecipeManager/]: Skipping loading recipe chisel_chipped_integration:stonecutter/metals/silver/metal_silver_caution as it's serializer returned null
[28dic2025 17:10:52.290] [main/INFO] [net.minecraft.world.item.crafting.RecipeManager/]: Skipping loading recipe chisel_chipped_integration:stonecutter/gem/lapis/gem_lapis_zelda as it's serializer returned null
[28dic2025 17:10:52.311] [main/INFO] [net.minecraft.world.item.crafting.RecipeManager/]: Skipping loading recipe chisel_chipped_integration:stonecutter/technical/technical_malfunction_fan as it's serializer returned null
[28dic2025 17:10:52.311] [main/INFO] [net.minecraft.world.item.crafting.RecipeManager/]: Skipping loading recipe chisel_chipped_integration:stonecutter/metals/aluminum/metal_aluminum_scaffold as it's serializer returned null
[28dic2025 17:10:52.313] [main/ERROR] [net.minecraft.world.item.crafting.RecipeManager/]: Parsing error loading recipe wetland_whimsy:cupric_brazier
com.google.gson.JsonSyntaxException: Unknown item 'wetland_whimsy:cupric_brazier'
	at net.minecraftforge.common.crafting.CraftingHelper.getItem(CraftingHelper.java:160) ~[forge-1.20.1-47.4.0-universal.jar%23298!/:?]
	at net.minecraftforge.common.crafting.CraftingHelper.getItemStack(CraftingHelper.java:186) ~[forge-1.20.1-47.4.0-universal.jar%23298!/:?]
	at net.minecraft.world.item.crafting.ShapedRecipe.m_151274_(ShapedRecipe.java:286) ~[server-1.20.1-20230612.114412-srg.jar%23293!/:?]
	at net.minecraft.world.item.crafting.ShapedRecipe$Serializer.m_6729_(ShapedRecipe.java:311) ~[server-1.20.1-20230612.114412-srg.jar%23293!/:?]
	at net.minecraft.world.item.crafting.ShapedRecipe$Serializer.m_6729_(ShapedRecipe.java:301) ~[server-1.20.1-20230612.114412-srg.jar%23293!/:?]
	at net.minecraftforge.common.extensions.IForgeRecipeSerializer.fromJson(IForgeRecipeSerializer.java:23) ~[forge-1.20.1-47.4.0-universal.jar%23298!/:?]
	at net.minecraft.world.item.crafting.RecipeManager.fromJson(RecipeManager.java:171) ~[server-1.20.1-20230612.114412-srg.jar%23293!/:?]
	at net.minecraft.world.item.crafting.RecipeManager.m_5787_(RecipeManager.java:67) ~[server-1.20.1-20230612.114412-srg.jar%23293!/:?]
	at net.minecraft.world.item.crafting.RecipeManager.m_5787_(RecipeManager.java:34) ~[server-1.20.1-20230612.114412-srg.jar%23293!/:?]
	at net.minecraft.server.packs.resources.SimplePreparableReloadListener.m_10789_(SimplePreparableReloadListener.java:13) ~[server-1.20.1-20230612.114412-srg.jar%23293!/:?]
	at java.util.concurrent.CompletableFuture$UniAccept.tryFire(CompletableFuture.java:718) ~[?:?]
	at java.util.concurrent.CompletableFuture$Completion.run(CompletableFuture.java:482) ~[?:?]
	at net.minecraft.server.packs.resources.SimpleReloadInstance.m_143940_(SimpleReloadInstance.java:69) ~[server-1.20.1-20230612.114412-srg.jar%23293!/:?]
	at net.minecraft.Util.m_214652_(Util.java:783) ~[server-1.20.1-20230612.114412-srg.jar%23293!/:?]
	at net.minecraft.Util.m_214679_(Util.java:772) ~[server-1.20.1-20230612.114412-srg.jar%23293!/:?]
	at net.minecraft.server.Main.main(Main.java:166) ~[server-1.20.1-20230612.114412-srg.jar%23293!/:?]
	at jdk.internal.reflect.NativeMethodAccessorImpl.invoke0(Native Method) ~[?:?]
	at jdk.internal.reflect.NativeMethodAccessorImpl.invoke(NativeMethodAccessorImpl.java:77) ~[?:?]
	at jdk.internal.reflect.DelegatingMethodAccessorImpl.invoke(DelegatingMethodAccessorImpl.java:43) ~[?:?]
	at java.lang.reflect.Method.invoke(Method.java:569) ~[?:?]
	at net.minecraftforge.fml.loading.targets.CommonLaunchHandler.runTarget(CommonLaunchHandler.java:111) ~[fmlloader-1.20.1-47.4.0.jar%2369!/:?]
	at net.minecraftforge.fml.loading.targets.CommonLaunchHandler.serverService(CommonLaunchHandler.java:103) ~[fmlloader-1.20.1-47.4.0.jar%2369!/:?]
	at net.minecraftforge.fml.loading.targets.CommonServerLaunchHandler.lambda$makeService$0(CommonServerLaunchHandler.java:27) ~[fmlloader-1.20.1-47.4.0.jar%2369!/:?]
	at cpw.mods.modlauncher.LaunchServiceHandlerDecorator.launch(LaunchServiceHandlerDecorator.java:30) ~[modlauncher-10.0.9.jar%2355!/:?]
	at cpw.mods.modlauncher.LaunchServiceHandler.launch(LaunchServiceHandler.java:53) ~[modlauncher-10.0.9.jar%2355!/:?]
	at cpw.mods.modlauncher.LaunchServiceHandler.launch(LaunchServiceHandler.java:71) ~[modlauncher-10.0.9.jar%2355!/:?]
	at cpw.mods.modlauncher.Launcher.run(Launcher.java:108) ~[modlauncher-10.0.9.jar%2355!/:?]
	at cpw.mods.modlauncher.Launcher.main(Launcher.java:78) ~[modlauncher-10.0.9.jar%2355!/:?]
	at cpw.mods.modlauncher.BootstrapLaunchConsumer.accept(BootstrapLaunchConsumer.java:26) ~[modlauncher-10.0.9.jar%2355!/:?]
	at cpw.mods.modlauncher.BootstrapLaunchConsumer.accept(BootstrapLaunchConsumer.java:23) ~[modlauncher-10.0.9.jar%2355!/:?]
	at cpw.mods.bootstraplauncher.BootstrapLauncher.main(BootstrapLauncher.java:141) ~[bootstraplauncher-1.1.2.jar:?]
[28dic2025 17:10:52.316] [main/INFO] [net.minecraft.world.item.crafting.RecipeManager/]: Skipping loading recipe chisel_chipped_integration:stonecutter/technical/technical_extremely_corroded_panels as it's serializer returned null
[28dic2025 17:10:52.316] [main/INFO] [net.minecraft.world.item.crafting.RecipeManager/]: Skipping loading recipe chisel_chipped_integration:stonecutter/metals/uranium/metal_uranium_thermal as it's serializer returned null
[28dic2025 17:10:52.340] [main/INFO] [net.minecraft.world.item.crafting.RecipeManager/]: Skipping loading recipe chisel_chipped_integration:stonecutter/metals/lead/metal_lead_shipping_crate as it's serializer returned null
[28dic2025 17:10:52.342] [main/INFO] [net.minecraft.world.item.crafting.RecipeManager/]: Skipping loading recipe chisel_chipped_integration:stonecutter/metals/tin/metal_tin_shipping_crate as it's serializer returned null
[28dic2025 17:10:52.343] [main/INFO] [net.minecraft.world.item.crafting.RecipeManager/]: Skipping loading recipe chisel_chipped_integration:stonecutter/wool/wool_llama_purple as it's serializer returned null
[28dic2025 17:10:52.396] [main/INFO] [net.minecraft.world.item.crafting.RecipeManager/]: Skipping loading recipe chisel_chipped_integration:stonecutter/metals/copper/metal_copper_egregious as it's serializer returned null
[28dic2025 17:10:52.404] [main/INFO] [net.minecraft.world.item.crafting.RecipeManager/]: Skipping loading recipe chisel_chipped_integration:stonecutter/technical/technical_vent as it's serializer returned null
[28dic2025 17:10:52.405] [main/INFO] [net.minecraft.world.item.crafting.RecipeManager/]: Skipping loading recipe chisel_chipped_integration:stonecutter/carpet/carpet_legacy_light_blue as it's serializer returned null
[28dic2025 17:10:52.411] [main/INFO] [net.minecraft.world.item.crafting.RecipeManager/]: Skipping loading recipe chisel_chipped_integration:stonecutter/laboratory/laboratory_left_faced_arrows as it's serializer returned null
[28dic2025 17:10:52.412] [main/INFO] [net.minecraft.world.item.crafting.RecipeManager/]: Skipping loading recipe chisel_chipped_integration:stonecutter/carpet/carpet_llama_purple as it's serializer returned null
[28dic2025 17:10:52.412] [main/INFO] [net.minecraft.world.item.crafting.RecipeManager/]: Skipping loading recipe chisel_chipped_integration:stonecutter/gem/emerald/gem_emerald_masonry as it's serializer returned null
[28dic2025 17:10:52.418] [main/INFO] [net.minecraft.world.item.crafting.RecipeManager/]: Skipping loading recipe chisel_chipped_integration:stonecutter/tyrian/tyrian_diagonal_plates as it's serializer returned null
[28dic2025 17:10:52.418] [main/INFO] [net.minecraft.world.item.crafting.RecipeManager/]: Skipping loading recipe chisel_chipped_integration:stonecutter/metals/electrum/metal_electrum_bolted as it's serializer returned null
[28dic2025 17:10:52.425] [main/INFO] [net.minecraft.world.item.crafting.RecipeManager/]: Skipping loading recipe chisel_chipped_integration:stonecutter/wool/wool_llama_brown as it's serializer returned null
[28dic2025 17:10:52.426] [main/INFO] [net.minecraft.world.item.crafting.RecipeManager/]: Skipping loading recipe chisel_chipped_integration:stonecutter/wool/wool_legacy_light_gray as it's serializer returned null
[28dic2025 17:10:52.434] [main/INFO] [net.minecraft.world.item.crafting.RecipeManager/]: Skipping loading recipe chisel_chipped_integration:stonecutter/metals/bronze/metal_bronze_scaffold as it's serializer returned null
[28dic2025 17:10:52.434] [main/INFO] [net.minecraft.world.item.crafting.RecipeManager/]: Skipping loading recipe chisel_chipped_integration:stonecutter/carpet/carpet_llama_white as it's serializer returned null
[28dic2025 17:10:52.434] [main/INFO] [net.minecraft.world.item.crafting.RecipeManager/]: Skipping loading recipe chisel_chipped_integration:stonecutter/carpet/carpet_llama_green as it's serializer returned null
[28dic2025 17:10:52.435] [main/INFO] [net.minecraft.world.item.crafting.RecipeManager/]: Skipping loading recipe chisel_chipped_integration:stonecutter/metals/steel/metal_steel_egregious as it's serializer returned null
[28dic2025 17:10:52.439] [main/INFO] [net.minecraft.world.item.crafting.RecipeManager/]: Skipping loading recipe chisel_chipped_integration:stonecutter/wool/wool_legacy_black as it's serializer returned null
[28dic2025 17:10:52.442] [main/INFO] [net.minecraft.world.item.crafting.RecipeManager/]: Skipping loading recipe chisel_chipped_integration:stonecutter/laboratory/laboratory_right_faced_arrows as it's serializer returned null
[28dic2025 17:10:52.443] [main/INFO] [net.minecraft.world.item.crafting.RecipeManager/]: Skipping loading recipe chisel_chipped_integration:stonecutter/gem/redstone/gem_redstone_small_bricks as it's serializer returned null
[28dic2025 17:10:52.443] [main/INFO] [net.minecraft.world.item.crafting.RecipeManager/]: Skipping loading recipe chisel_chipped_integration:stonecutter/gem/diamond/gem_diamond_crushed as it's serializer returned null
[28dic2025 17:10:52.447] [main/INFO] [net.minecraft.world.item.crafting.RecipeManager/]: Skipping loading recipe chisel_chipped_integration:stonecutter/tyrian/tyrian_shiny_plate as it's serializer returned null
[28dic2025 17:10:52.450] [main/INFO] [net.minecraft.world.item.crafting.RecipeManager/]: Skipping loading recipe chisel_chipped_integration:stonecutter/gem/emerald/gem_emerald_ornate as it's serializer returned null
[28dic2025 17:10:52.451] [main/INFO] [net.minecraft.world.item.crafting.RecipeManager/]: Skipping loading recipe chisel_chipped_integration:stonecutter/carpet/carpet_llama_pink as it's serializer returned null
[28dic2025 17:10:52.454] [main/INFO] [net.minecraft.world.item.crafting.RecipeManager/]: Skipping loading recipe chisel_chipped_integration:stonecutter/metals/lead/metal_lead_industrial_relic as it's serializer returned null
[28dic2025 17:10:52.461] [main/INFO] [net.minecraft.world.item.crafting.RecipeManager/]: Skipping loading recipe chisel_chipped_integration:stonecutter/wool/wool_llama_magenta as it's serializer returned null
[28dic2025 17:10:52.467] [main/INFO] [net.minecraft.world.item.crafting.RecipeManager/]: Skipping loading recipe chisel_chipped_integration:stonecutter/metals/iron/metal_iron_shipping_crate as it's serializer returned null
[28dic2025 17:10:52.467] [main/INFO] [net.minecraft.world.item.crafting.RecipeManager/]: Skipping loading recipe chisel_chipped_integration:stonecutter/factory/factory_metalbox as it's serializer returned null
[28dic2025 17:10:52.468] [main/INFO] [net.minecraft.world.item.crafting.RecipeManager/]: Skipping loading recipe chisel_chipped_integration:stonecutter/metals/copper/metal_copper_caution as it's serializer returned null
[28dic2025 17:10:52.471] [main/INFO] [net.minecraft.world.item.crafting.RecipeManager/]: Skipping loading recipe chisel_chipped_integration:stonecutter/factory/factory_gold_plated_circuit as it's serializer returned null
[28dic2025 17:10:52.488] [main/INFO] [net.minecraft.world.item.crafting.RecipeManager/]: Skipping loading recipe chisel_chipped_integration:stonecutter/tyrian/tyrian_blue_plates as it's serializer returned null
[28dic2025 17:10:52.489] [main/INFO] [net.minecraft.world.item.crafting.RecipeManager/]: Skipping loading recipe chisel_chipped_integration:stonecutter/metals/electrum/metal_electrum_industrial_relic as it's serializer returned null
[28dic2025 17:10:52.492] [main/INFO] [net.minecraft.world.item.crafting.RecipeManager/]: Skipping loading recipe chisel_chipped_integration:stonecutter/metals/bronze/metal_bronze_industrial_relic as it's serializer returned null
[28dic2025 17:10:52.493] [main/INFO] [net.minecraft.world.item.crafting.RecipeManager/]: Skipping loading recipe chisel_chipped_integration:stonecutter/metals/lead/metal_lead_scaffold as it's serializer returned null
[28dic2025 17:10:52.494] [main/INFO] [net.minecraft.world.item.crafting.RecipeManager/]: Skipping loading recipe chisel_chipped_integration:stonecutter/metals/aluminum/metal_aluminum_egregious as it's serializer returned null
[28dic2025 17:10:52.496] [main/INFO] [net.minecraft.world.item.crafting.RecipeManager/]: Skipping loading recipe chisel_chipped_integration:stonecutter/carpet/carpet_legacy_brown as it's serializer returned null
[28dic2025 17:10:52.496] [main/INFO] [net.minecraft.world.item.crafting.RecipeManager/]: Skipping loading recipe chisel_chipped_integration:stonecutter/gem/redstone/gem_redstone_arrayed_bricks as it's serializer returned null
[28dic2025 17:10:52.497] [main/INFO] [net.minecraft.world.item.crafting.RecipeManager/]: Skipping loading recipe chisel_chipped_integration:stonecutter/futura/futura_fabulously_wavy as it's serializer returned null
[28dic2025 17:10:52.499] [main/INFO] [net.minecraft.world.item.crafting.RecipeManager/]: Skipping loading recipe chisel_chipped_integration:stonecutter/gem/lapis/gem_lapis_shiny_tile as it's serializer returned null
[28dic2025 17:10:52.510] [main/INFO] [net.minecraft.world.item.crafting.RecipeManager/]: Skipping loading recipe chisel_chipped_integration:stonecutter/metals/gold/metal_gold_industrial_relic as it's serializer returned null
[28dic2025 17:10:52.519] [main/INFO] [net.minecraft.world.item.crafting.RecipeManager/]: Skipping loading recipe chisel_chipped_integration:stonecutter/gem/diamond/gem_diamond_purple_space as it's serializer returned null
[28dic2025 17:10:52.522] [main/INFO] [net.minecraft.world.item.crafting.RecipeManager/]: Skipping loading recipe chisel_chipped_integration:stonecutter/carpet/carpet_llama_gray as it's serializer returned null
[28dic2025 17:10:52.523] [main/INFO] [net.minecraft.world.item.crafting.RecipeManager/]: Skipping loading recipe chisel_chipped_integration:stonecutter/metals/silver/metal_silver_industrial_relic as it's serializer returned null
[28dic2025 17:10:52.526] [main/INFO] [net.minecraft.world.item.crafting.RecipeManager/]: Skipping loading recipe chisel_chipped_integration:stonecutter/gem/emerald/gem_emerald_bismuth as it's serializer returned null
[28dic2025 17:10:52.529] [main/INFO] [net.minecraft.world.item.crafting.RecipeManager/]: Skipping loading recipe chisel_chipped_integration:stonecutter/metals/tin/metal_tin_scaffold as it's serializer returned null
[28dic2025 17:10:52.531] [main/INFO] [net.minecraft.world.item.crafting.RecipeManager/]: Skipping loading recipe chisel_chipped_integration:stonecutter/gem/emerald/gem_emerald_tile as it's serializer returned null
[28dic2025 17:10:52.535] [main/INFO] [net.minecraft.world.item.crafting.RecipeManager/]: Skipping loading recipe chisel_chipped_integration:stonecutter/metals/invar/metal_invar_caution as it's serializer returned null
[28dic2025 17:10:52.539] [main/INFO] [net.minecraft.world.item.crafting.RecipeManager/]: Skipping loading recipe chisel_chipped_integration:stonecutter/factory/factory_grinder as it's serializer returned null
[28dic2025 17:10:52.540] [main/INFO] [net.minecraft.world.item.crafting.RecipeManager/]: Skipping loading recipe chisel_chipped_integration:stonecutter/metals/steel/metal_steel_thermal as it's serializer returned null
[28dic2025 17:10:52.540] [main/INFO] [net.minecraft.world.item.crafting.RecipeManager/]: Skipping loading recipe chisel_chipped_integration:stonecutter/factory/factory_old_vents as it's serializer returned null
[28dic2025 17:10:52.544] [main/INFO] [net.minecraft.world.item.crafting.RecipeManager/]: Skipping loading recipe chisel_chipped_integration:stonecutter/factory/factory_gold_framed_purple_plates as it's serializer returned null
[28dic2025 17:10:52.547] [main/INFO] [net.minecraft.world.item.crafting.RecipeManager/]: Skipping loading recipe chisel_chipped_integration:stonecutter/metals/gold/metal_gold_scaffold as it's serializer returned null
[28dic2025 17:10:52.548] [main/INFO] [net.minecraft.world.item.crafting.RecipeManager/]: Skipping loading recipe chisel_chipped_integration:stonecutter/laboratory/laboratory_screen as it's serializer returned null
[28dic2025 17:10:52.550] [main/INFO] [net.minecraft.world.item.crafting.RecipeManager/]: Skipping loading recipe chisel_chipped_integration:stonecutter/carpet/carpet_legacy_white as it's serializer returned null
[28dic2025 17:10:52.551] [main/INFO] [net.minecraft.world.item.crafting.RecipeManager/]: Skipping loading recipe chisel_chipped_integration:stonecutter/factory/factory_blue_framed_circuit as it's serializer returned null
[28dic2025 17:10:52.552] [main/INFO] [net.minecraft.world.item.crafting.RecipeManager/]: Skipping loading recipe chisel_chipped_integration:stonecutter/gem/redstone/gem_redstone_wide_bricks as it's serializer returned null
[28dic2025 17:10:52.554] [main/INFO] [net.minecraft.world.item.crafting.RecipeManager/]: Skipping loading recipe chisel_chipped_integration:stonecutter/factory/factory_slighly_rusty_plate as it's serializer returned null
[28dic2025 17:10:52.556] [main/INFO] [net.minecraft.world.item.crafting.RecipeManager/]: Skipping loading recipe chisel_chipped_integration:stonecutter/metals/bronze/metal_bronze_caution as it's serializer returned null
[28dic2025 17:10:52.557] [main/INFO] [net.minecraft.world.item.crafting.RecipeManager/]: Skipping loading recipe chisel_chipped_integration:stonecutter/metals/invar/metal_invar_industrial_relic as it's serializer returned null
[28dic2025 17:10:52.558] [main/INFO] [net.minecraft.world.item.crafting.RecipeManager/]: Skipping loading recipe chisel_chipped_integration:stonecutter/metals/platinum/metal_platinum_thermal as it's serializer returned null
[28dic2025 17:10:52.573] [main/INFO] [net.minecraft.world.item.crafting.RecipeManager/]: Skipping loading recipe chisel_chipped_integration:stonecutter/carpet/carpet_llama_yellow as it's serializer returned null
[28dic2025 17:10:52.576] [main/INFO] [net.minecraft.world.item.crafting.RecipeManager/]: Skipping loading recipe chisel_chipped_integration:stonecutter/technical/technical_transparent_still_fan as it's serializer returned null
[28dic2025 17:10:52.577] [main/INFO] [net.minecraft.world.item.crafting.RecipeManager/]: Skipping loading recipe chisel_chipped_integration:stonecutter/metals/tin/metal_tin_caution as it's serializer returned null
[28dic2025 17:10:52.583] [main/INFO] [net.minecraft.world.item.crafting.RecipeManager/]: Skipping loading recipe chisel_chipped_integration:stonecutter/gem/diamond/gem_diamond_zelda as it's serializer returned null
[28dic2025 17:10:52.584] [main/INFO] [net.minecraft.world.item.crafting.RecipeManager/]: Skipping loading recipe chisel_chipped_integration:stonecutter/gem/emerald/gem_emerald_ornate_tiles as it's serializer returned null
[28dic2025 17:10:52.585] [main/INFO] [net.minecraft.world.item.crafting.RecipeManager/]: Skipping loading recipe chisel_chipped_integration:stonecutter/tyrian/tyrian_routes as it's serializer returned null
[28dic2025 17:10:52.590] [main/INFO] [net.minecraft.world.item.crafting.RecipeManager/]: Skipping loading recipe chisel_chipped_integration:stonecutter/metals/aluminum/metal_aluminum_bolted as it's serializer returned null
[28dic2025 17:10:52.591] [main/INFO] [net.minecraft.world.item.crafting.RecipeManager/]: Skipping loading recipe chisel_chipped_integration:stonecutter/wool/wool_llama_orange as it's serializer returned null
[28dic2025 17:10:52.592] [main/INFO] [net.minecraft.world.item.crafting.RecipeManager/]: Skipping loading recipe chisel_chipped_integration:stonecutter/technical/technical_large_rusty_scaffold as it's serializer returned null
[28dic2025 17:10:52.597] [main/INFO] [net.minecraft.world.item.crafting.RecipeManager/]: Skipping loading recipe chisel_chipped_integration:stonecutter/metals/bronze/metal_bronze_egregious as it's serializer returned null
[28dic2025 17:10:52.601] [main/INFO] [net.minecraft.world.item.crafting.RecipeManager/]: Skipping loading recipe chisel_chipped_integration:stonecutter/technical/technical_old_vent as it's serializer returned null
[28dic2025 17:10:52.606] [main/INFO] [net.minecraft.world.item.crafting.RecipeManager/]: Skipping loading recipe chisel_chipped_integration:stonecutter/factory/factory_blue_circuits as it's serializer returned null
[28dic2025 17:10:52.608] [main/INFO] [net.minecraft.world.item.crafting.RecipeManager/]: Skipping loading recipe chisel_chipped_integration:stonecutter/gem/lapis/gem_lapis_cobble as it's serializer returned null
[28dic2025 17:10:52.614] [main/INFO] [net.minecraft.world.item.crafting.RecipeManager/]: Skipping loading recipe chisel_chipped_integration:stonecutter/metals/electrum/metal_electrum_scaffold as it's serializer returned null
[28dic2025 17:10:52.618] [main/INFO] [net.minecraft.world.item.crafting.RecipeManager/]: Skipping loading recipe chisel_chipped_integration:stonecutter/carpet/carpet_legacy_magenta as it's serializer returned null
[28dic2025 17:10:52.626] [main/INFO] [net.minecraft.world.item.crafting.RecipeManager/]: Skipping loading recipe chisel_chipped_integration:stonecutter/technical/technical_transparent_rusty_scaffold as it's serializer returned null
[28dic2025 17:10:52.629] [main/INFO] [net.minecraft.world.item.crafting.RecipeManager/]: Skipping loading recipe chisel_chipped_integration:stonecutter/metals/silver/metal_silver_shipping_crate as it's serializer returned null
[28dic2025 17:10:52.630] [main/INFO] [net.minecraft.world.item.crafting.RecipeManager/]: Skipping loading recipe chisel_chipped_integration:stonecutter/factory/factory_metal_column as it's serializer returned null
[28dic2025 17:10:52.631] [main/INFO] [net.minecraft.world.item.crafting.RecipeManager/]: Skipping loading recipe chisel_chipped_integration:stonecutter/metals/copper/metal_copper_thermal as it's serializer returned null
[28dic2025 17:10:52.632] [main/INFO] [net.minecraft.world.item.crafting.RecipeManager/]: Skipping loading recipe chisel_chipped_integration:stonecutter/metals/invar/metal_invar_bolted as it's serializer returned null
[28dic2025 17:10:52.638] [main/INFO] [net.minecraft.world.item.crafting.RecipeManager/]: Skipping loading recipe chisel_chipped_integration:stonecutter/technical/technical_caution_framed_plates as it's serializer returned null
[28dic2025 17:10:52.642] [main/INFO] [net.minecraft.world.item.crafting.RecipeManager/]: Skipping loading recipe chisel_chipped_integration:stonecutter/technical/technical_transparent_fan as it's serializer returned null
[28dic2025 17:10:52.643] [main/INFO] [net.minecraft.world.item.crafting.RecipeManager/]: Skipping loading recipe chisel_chipped_integration:stonecutter/gem/diamond/gem_diamond_ornate_tiles as it's serializer returned null
[28dic2025 17:10:52.644] [main/INFO] [net.minecraft.world.item.crafting.RecipeManager/]: Skipping loading recipe chisel_chipped_integration:stonecutter/metals/uranium/metal_uranium_egregious as it's serializer returned null
[28dic2025 17:10:52.646] [main/INFO] [net.minecraft.world.item.crafting.RecipeManager/]: Skipping loading recipe chisel_chipped_integration:stonecutter/carpet/carpet_legacy_green as it's serializer returned null
[28dic2025 17:10:52.650] [main/INFO] [net.minecraft.world.item.crafting.RecipeManager/]: Skipping loading recipe chisel_chipped_integration:stonecutter/metals/tin/metal_tin_industrial_relic as it's serializer returned null
[28dic2025 17:10:52.651] [main/INFO] [net.minecraft.world.item.crafting.RecipeManager/]: Skipping loading recipe chisel_chipped_integration:stonecutter/factory/factory_very_rusty_plate as it's serializer returned null
[28dic2025 17:10:52.653] [main/INFO] [net.minecraft.world.item.crafting.RecipeManager/]: Skipping loading recipe chisel_chipped_integration:stonecutter/futura/futura_me_controller as it's serializer returned null
[28dic2025 17:10:52.654] [main/INFO] [net.minecraft.world.item.crafting.RecipeManager/]: Skipping loading recipe chisel_chipped_integration:stonecutter/metals/nickel/metal_nickel_caution as it's serializer returned null
[28dic2025 17:10:52.656] [main/INFO] [net.minecraft.world.item.crafting.RecipeManager/]: Skipping loading recipe chisel_chipped_integration:stonecutter/metals/steel/metal_steel_caution as it's serializer returned null
[28dic2025 17:10:52.656] [main/INFO] [net.minecraft.world.item.crafting.RecipeManager/]: Skipping loading recipe chisel_chipped_integration:stonecutter/metals/silver/metal_silver_thermal as it's serializer returned null
[28dic2025 17:10:52.663] [main/INFO] [net.minecraft.world.item.crafting.RecipeManager/]: Skipping loading recipe chisel_chipped_integration:stonecutter/technical/technical_glowing_vent as it's serializer returned null
[28dic2025 17:10:52.664] [main/INFO] [net.minecraft.world.item.crafting.RecipeManager/]: Skipping loading recipe chisel_chipped_integration:stonecutter/gem/diamond/gem_diamond_embossed as it's serializer returned null
[28dic2025 17:10:52.671] [main/INFO] [net.minecraft.world.item.crafting.RecipeManager/]: Skipping loading recipe chisel_chipped_integration:stonecutter/metals/invar/metal_invar_thermal as it's serializer returned null
[28dic2025 17:10:52.673] [main/INFO] [net.minecraft.world.item.crafting.RecipeManager/]: Skipping loading recipe chisel_chipped_integration:stonecutter/gem/redstone/gem_redstone_bricks as it's serializer returned null
[28dic2025 17:10:52.674] [main/INFO] [net.minecraft.world.item.crafting.RecipeManager/]: Skipping loading recipe chisel_chipped_integration:stonecutter/gem/emerald/gem_emerald_tiles as it's serializer returned null
[28dic2025 17:10:52.676] [main/INFO] [net.minecraft.world.item.crafting.RecipeManager/]: Skipping loading recipe chisel_chipped_integration:stonecutter/metals/electrum/metal_electrum_thermal as it's serializer returned null
[28dic2025 17:10:52.678] [main/INFO] [net.minecraft.world.item.crafting.RecipeManager/]: Skipping loading recipe chisel_chipped_integration:stonecutter/gem/lapis/gem_lapis_gold_encrusted as it's serializer returned null
[28dic2025 17:10:52.680] [main/INFO] [net.minecraft.world.item.crafting.RecipeManager/]: Skipping loading recipe chisel_chipped_integration:stonecutter/factory/factory_wireframe as it's serializer returned null
[28dic2025 17:10:52.682] [main/INFO] [net.minecraft.world.item.crafting.RecipeManager/]: Skipping loading recipe chisel_chipped_integration:stonecutter/gem/redstone/gem_redstone_tiles as it's serializer returned null
[28dic2025 17:10:52.683] [main/INFO] [net.minecraft.world.item.crafting.RecipeManager/]: Skipping loading recipe chisel_chipped_integration:stonecutter/gem/diamond/gem_diamond_simple as it's serializer returned null
[28dic2025 17:10:52.684] [main/INFO] [net.minecraft.world.item.crafting.RecipeManager/]: Skipping loading recipe chisel_chipped_integration:stonecutter/laboratory/laboratory_small_steel as it's serializer returned null
[28dic2025 17:10:52.685] [main/INFO] [net.minecraft.world.item.crafting.RecipeManager/]: Skipping loading recipe chisel_chipped_integration:stonecutter/metals/invar/metal_invar_scaffold as it's serializer returned null
[28dic2025 17:10:52.691] [main/INFO] [net.minecraft.world.item.crafting.RecipeManager/]: Skipping loading recipe chisel_chipped_integration:stonecutter/carpet/carpet_legacy_red as it's serializer returned null
[28dic2025 17:10:52.694] [main/INFO] [net.minecraft.world.item.crafting.RecipeManager/]: Skipping loading recipe chisel_chipped_integration:stonecutter/gem/redstone/gem_redstone_disordered_tiles as it's serializer returned null
[28dic2025 17:10:52.695] [main/INFO] [net.minecraft.world.item.crafting.RecipeManager/]: Skipping loading recipe chisel_chipped_integration:stonecutter/tyrian/tyrian_metal_plates as it's serializer returned null
[28dic2025 17:10:52.698] [main/INFO] [net.minecraft.world.item.crafting.RecipeManager/]: Skipping loading recipe chisel_chipped_integration:stonecutter/metals/nickel/metal_nickel_egregious as it's serializer returned null
[28dic2025 17:10:52.701] [main/INFO] [net.minecraft.world.item.crafting.RecipeManager/]: Skipping loading recipe chisel_chipped_integration:stonecutter/carpet/carpet_legacy_pink as it's serializer returned null
[28dic2025 17:10:52.702] [main/INFO] [net.minecraft.world.item.crafting.RecipeManager/]: Skipping loading recipe chisel_chipped_integration:stonecutter/wool/wool_legacy_red as it's serializer returned null
[28dic2025 17:10:52.703] [main/INFO] [net.minecraft.world.item.crafting.RecipeManager/]: Skipping loading recipe chisel_chipped_integration:stonecutter/carpet/carpet_llama_magenta as it's serializer returned null
[28dic2025 17:10:52.704] [main/INFO] [net.minecraft.world.item.crafting.RecipeManager/]: Skipping loading recipe chisel_chipped_integration:stonecutter/carpet/carpet_llama_lime as it's serializer returned null
[28dic2025 17:10:52.707] [main/INFO] [net.minecraft.world.item.crafting.RecipeManager/]: Skipping loading recipe chisel_chipped_integration:stonecutter/carpet/carpet_llama_blue as it's serializer returned null
[28dic2025 17:10:52.707] [main/INFO] [net.minecraft.world.item.crafting.RecipeManager/]: Skipping loading recipe chisel_chipped_integration:stonecutter/wool/wool_legacy_orange as it's serializer returned null
[28dic2025 17:10:52.708] [main/INFO] [net.minecraft.world.item.crafting.RecipeManager/]: Skipping loading recipe chisel_chipped_integration:stonecutter/gem/diamond/gem_diamond_bismuth as it's serializer returned null
[28dic2025 17:10:52.711] [main/INFO] [net.minecraft.world.item.crafting.RecipeManager/]: Skipping loading recipe chisel_chipped_integration:stonecutter/technical/technical_rusty_scaffold as it's serializer returned null
[28dic2025 17:10:52.712] [main/INFO] [net.minecraft.world.item.crafting.RecipeManager/]: Skipping loading recipe chisel_chipped_integration:stonecutter/gem/redstone/gem_redstone_panel as it's serializer returned null
[28dic2025 17:10:52.718] [main/INFO] [net.minecraft.world.item.crafting.RecipeManager/]: Skipping loading recipe chisel_chipped_integration:stonecutter/metals/bronze/metal_bronze_bolted as it's serializer returned null
[28dic2025 17:10:52.719] [main/INFO] [net.minecraft.world.item.crafting.RecipeManager/]: Skipping loading recipe chisel_chipped_integration:stonecutter/gem/redstone/gem_redstone_circular as it's serializer returned null
[28dic2025 17:10:52.723] [main/INFO] [net.minecraft.world.item.crafting.RecipeManager/]: Skipping loading recipe chisel_chipped_integration:stonecutter/metals/uranium/metal_uranium_bolted as it's serializer returned null
[28dic2025 17:10:52.724] [main/INFO] [net.minecraft.world.item.crafting.RecipeManager/]: Skipping loading recipe chisel_chipped_integration:stonecutter/gem/lapis/gem_lapis_smooth as it's serializer returned null
[28dic2025 17:10:52.725] [main/INFO] [net.minecraft.world.item.crafting.RecipeManager/]: Skipping loading recipe chisel_chipped_integration:stonecutter/metals/cobalt/metal_cobalt_bolted as it's serializer returned null
[28dic2025 17:10:52.725] [main/INFO] [net.minecraft.world.item.crafting.RecipeManager/]: Skipping loading recipe chisel_chipped_integration:stonecutter/gem/emerald/gem_emerald_panel as it's serializer returned null
[28dic2025 17:10:52.726] [main/INFO] [net.minecraft.world.item.crafting.RecipeManager/]: Skipping loading recipe chisel_chipped_integration:stonecutter/metals/gold/metal_gold_shipping_crate as it's serializer returned null
[28dic2025 17:10:52.727] [main/INFO] [net.minecraft.world.item.crafting.RecipeManager/]: Skipping loading recipe chisel_chipped_integration:stonecutter/futura/futura_cyan_screen as it's serializer returned null
[28dic2025 17:10:52.729] [main/INFO] [net.minecraft.world.item.crafting.RecipeManager/]: Skipping loading recipe chisel_chipped_integration:stonecutter/tyrian/tyrian_platform as it's serializer returned null
[28dic2025 17:10:52.731] [main/INFO] [net.minecraft.world.item.crafting.RecipeManager/]: Skipping loading recipe chisel_chipped_integration:stonecutter/gem/lapis/gem_lapis_wood_framed as it's serializer returned null
[28dic2025 17:10:52.736] [main/INFO] [net.minecraft.world.item.crafting.RecipeManager/]: Skipping loading recipe chisel_chipped_integration:stonecutter/wool/wool_legacy_gray as it's serializer returned null
[28dic2025 17:10:52.739] [main/INFO] [net.minecraft.world.item.crafting.RecipeManager/]: Skipping loading recipe chisel_chipped_integration:stonecutter/wool/wool_llama_green as it's serializer returned null
[28dic2025 17:10:52.739] [main/INFO] [net.minecraft.world.item.crafting.RecipeManager/]: Skipping loading recipe chisel_chipped_integration:stonecutter/metals/platinum/metal_platinum_shipping_crate as it's serializer returned null
[28dic2025 17:10:52.740] [main/INFO] [net.minecraft.world.item.crafting.RecipeManager/]: Skipping loading recipe chisel_chipped_integration:stonecutter/technical/technical_pipes as it's serializer returned null
[28dic2025 17:10:52.740] [main/INFO] [net.minecraft.world.item.crafting.RecipeManager/]: Skipping loading recipe chisel_chipped_integration:stonecutter/metals/platinum/metal_platinum_industrial_relic as it's serializer returned null
[28dic2025 17:10:52.744] [main/INFO] [net.minecraft.world.item.crafting.RecipeManager/]: Skipping loading recipe chisel_chipped_integration:stonecutter/technical/technical_sturdy as it's serializer returned null
[28dic2025 17:10:52.745] [main/INFO] [net.minecraft.world.item.crafting.RecipeManager/]: Skipping loading recipe chisel_chipped_integration:stonecutter/carpet/carpet_legacy_gray as it's serializer returned null
[28dic2025 17:10:52.748] [main/INFO] [net.minecraft.world.item.crafting.RecipeManager/]: Skipping loading recipe chisel_chipped_integration:stonecutter/factory/factory_segmented_rusty_plates as it's serializer returned null
[28dic2025 17:10:52.748] [main/INFO] [net.minecraft.world.item.crafting.RecipeManager/]: Skipping loading recipe chisel_chipped_integration:stonecutter/metals/nickel/metal_nickel_industrial_relic as it's serializer returned null
[28dic2025 17:10:52.748] [main/INFO] [net.minecraft.world.item.crafting.RecipeManager/]: Skipping loading recipe chisel_chipped_integration:stonecutter/metals/uranium/metal_uranium_shipping_crate as it's serializer returned null
[28dic2025 17:10:52.750] [main/INFO] [net.minecraft.world.item.crafting.RecipeManager/]: Skipping loading recipe chisel_chipped_integration:stonecutter/gem/redstone/gem_redstone_french_2 as it's serializer returned null
[28dic2025 17:10:52.751] [main/INFO] [net.minecraft.world.item.crafting.RecipeManager/]: Skipping loading recipe chisel_chipped_integration:stonecutter/gem/redstone/gem_redstone_french_1 as it's serializer returned null
[28dic2025 17:10:52.753] [main/INFO] [net.minecraft.world.item.crafting.RecipeManager/]: Skipping loading recipe chisel_chipped_integration:stonecutter/metals/silver/metal_silver_scaffold as it's serializer returned null
[28dic2025 17:10:52.754] [main/INFO] [net.minecraft.world.item.crafting.RecipeManager/]: Skipping loading recipe chisel_chipped_integration:stonecutter/laboratory/laboratory_white_panel as it's serializer returned null
[28dic2025 17:10:52.755] [main/INFO] [net.minecraft.world.item.crafting.RecipeManager/]: Skipping loading recipe chisel_chipped_integration:stonecutter/gem/redstone/gem_redstone_twisted as it's serializer returned null
[28dic2025 17:10:52.756] [main/INFO] [net.minecraft.world.item.crafting.RecipeManager/]: Skipping loading recipe chisel_chipped_integration:stonecutter/metals/gold/metal_gold_bolted as it's serializer returned null
[28dic2025 17:10:52.756] [main/INFO] [net.minecraft.world.item.crafting.RecipeManager/]: Skipping loading recipe chisel_chipped_integration:stonecutter/technical/technical_exhaust_plating as it's serializer returned null
[28dic2025 17:10:52.757] [main/INFO] [net.minecraft.world.item.crafting.RecipeManager/]: Skipping loading recipe chisel_chipped_integration:stonecutter/technical/technical_rusty_bolted_plates as it's serializer returned null
[28dic2025 17:10:52.758] [main/INFO] [net.minecraft.world.item.crafting.RecipeManager/]: Skipping loading recipe chisel_chipped_integration:stonecutter/gem/lapis/gem_lapis_tile as it's serializer returned null
[28dic2025 17:10:52.758] [main/INFO] [net.minecraft.world.item.crafting.RecipeManager/]: Skipping loading recipe chisel_chipped_integration:stonecutter/futura/futura_rainbowliciously_wavy as it's serializer returned null
[28dic2025 17:10:52.758] [main/INFO] [net.minecraft.world.item.crafting.RecipeManager/]: Skipping loading recipe chisel_chipped_integration:stonecutter/wool/wool_llama_white as it's serializer returned null
[28dic2025 17:10:52.760] [main/INFO] [net.minecraft.world.item.crafting.RecipeManager/]: Skipping loading recipe chisel_chipped_integration:stonecutter/gem/diamond/gem_diamond_cells as it's serializer returned null
[28dic2025 17:10:52.771] [main/INFO] [net.minecraft.world.item.crafting.RecipeManager/]: Skipping loading recipe chisel_chipped_integration:stonecutter/metals/lead/metal_lead_bolted as it's serializer returned null
[28dic2025 17:10:52.775] [main/INFO] [net.minecraft.world.item.crafting.RecipeManager/]: Skipping loading recipe chisel_chipped_integration:stonecutter/gem/emerald/gem_emerald_circular as it's serializer returned null
[28dic2025 17:10:52.777] [main/INFO] [net.minecraft.world.item.crafting.RecipeManager/]: Skipping loading recipe chisel_chipped_integration:stonecutter/technical/technical_massive_hexagonal_plating as it's serializer returned null
[28dic2025 17:10:52.780] [main/INFO] [net.minecraft.world.item.crafting.RecipeManager/]: Skipping loading recipe chisel_chipped_integration:stonecutter/carpet/carpet_legacy_light_gray as it's serializer returned null
[28dic2025 17:10:52.781] [main/INFO] [net.minecraft.world.item.crafting.RecipeManager/]: Skipping loading recipe chisel_chipped_integration:stonecutter/metals/uranium/metal_uranium_industrial_relic as it's serializer returned null
[28dic2025 17:10:52.782] [main/INFO] [net.minecraft.world.item.crafting.RecipeManager/]: Skipping loading recipe chisel_chipped_integration:stonecutter/metals/steel/metal_steel_shipping_crate as it's serializer returned null
[28dic2025 17:10:52.783] [main/INFO] [net.minecraft.world.item.crafting.RecipeManager/]: Skipping loading recipe chisel_chipped_integration:stonecutter/metals/aluminum/metal_aluminum_thermal as it's serializer returned null
[28dic2025 17:10:52.787] [main/INFO] [net.minecraft.world.item.crafting.RecipeManager/]: Skipping loading recipe chisel_chipped_integration:stonecutter/metals/aluminum/metal_aluminum_shipping_crate as it's serializer returned null
[28dic2025 17:10:52.790] [main/INFO] [net.minecraft.world.item.crafting.RecipeManager/]: Skipping loading recipe chisel_chipped_integration:stonecutter/metals/nickel/metal_nickel_shipping_crate as it's serializer returned null
[28dic2025 17:10:52.791] [main/INFO] [net.minecraft.world.item.crafting.RecipeManager/]: Skipping loading recipe chisel_chipped_integration:stonecutter/metals/copper/metal_copper_shipping_crate as it's serializer returned null
[28dic2025 17:10:52.794] [main/INFO] [net.minecraft.world.item.crafting.RecipeManager/]: Skipping loading recipe chisel_chipped_integration:stonecutter/metals/uranium/metal_uranium_scaffold as it's serializer returned null
[28dic2025 17:10:52.795] [main/INFO] [net.minecraft.world.item.crafting.RecipeManager/]: Skipping loading recipe chisel_chipped_integration:stonecutter/carpet/carpet_llama_black as it's serializer returned null
[28dic2025 17:10:52.797] [main/INFO] [net.minecraft.world.item.crafting.RecipeManager/]: Skipping loading recipe chisel_chipped_integration:stonecutter/factory/factory_rusty_plate as it's serializer returned null
[28dic2025 17:10:52.798] [main/INFO] [net.minecraft.world.item.crafting.RecipeManager/]: Skipping loading recipe chisel_chipped_integration:stonecutter/wool/wool_legacy_magenta as it's serializer returned null
[28dic2025 17:10:52.799] [main/INFO] [net.minecraft.world.item.crafting.RecipeManager/]: Skipping loading recipe chisel_chipped_integration:stonecutter/metals/tin/metal_tin_egregious as it's serializer returned null
[28dic2025 17:10:52.800] [main/INFO] [net.minecraft.world.item.crafting.RecipeManager/]: Skipping loading recipe chisel_chipped_integration:stonecutter/futura/futura_mysterious_cube as it's serializer returned null
[28dic2025 17:10:52.801] [main/INFO] [net.minecraft.world.item.crafting.RecipeManager/]: Skipping loading recipe chisel_chipped_integration:stonecutter/carpet/carpet_llama_orange as it's serializer returned null
[28dic2025 17:10:52.802] [main/INFO] [net.minecraft.world.item.crafting.RecipeManager/]: Skipping loading recipe chisel_chipped_integration:stonecutter/metals/invar/metal_invar_egregious as it's serializer returned null
[28dic2025 17:10:52.802] [main/INFO] [net.minecraft.world.item.crafting.RecipeManager/]: Skipping loading recipe chisel_chipped_integration:stonecutter/laboratory/laboratory_checkered_tiles as it's serializer returned null
[28dic2025 17:10:52.804] [main/INFO] [net.minecraft.world.item.crafting.RecipeManager/]: Skipping loading recipe chisel_chipped_integration:stonecutter/wool/wool_llama_light_blue as it's serializer returned null
[28dic2025 17:10:52.808] [main/INFO] [net.minecraft.world.item.crafting.RecipeManager/]: Skipping loading recipe chisel_chipped_integration:stonecutter/technical/technical_make_shift_plating as it's serializer returned null
[28dic2025 17:10:52.812] [main/INFO] [net.minecraft.world.item.crafting.RecipeManager/]: Skipping loading recipe enderio:ae_covered_cable as it's serializer returned null
[28dic2025 17:10:52.813] [main/INFO] [net.minecraft.world.item.crafting.RecipeManager/]: Skipping loading recipe chisel_chipped_integration:stonecutter/gem/redstone/gem_redstone_jellybean as it's serializer returned null
[28dic2025 17:10:52.813] [main/INFO] [net.minecraft.world.item.crafting.RecipeManager/]: Skipping loading recipe chisel_chipped_integration:stonecutter/metals/iron/metal_iron_industrial_relic as it's serializer returned null
[28dic2025 17:10:52.814] [main/INFO] [net.minecraft.world.item.crafting.RecipeManager/]: Skipping loading recipe chisel_chipped_integration:stonecutter/technical/technical_grate as it's serializer returned null
[28dic2025 17:10:52.816] [main/INFO] [net.minecraft.world.item.crafting.RecipeManager/]: Skipping loading recipe chisel_chipped_integration:stonecutter/metals/silver/metal_silver_bolted as it's serializer returned null
[28dic2025 17:10:52.823] [main/INFO] [net.minecraft.world.item.crafting.RecipeManager/]: Skipping loading recipe chisel_chipped_integration:stonecutter/wool/wool_legacy_green as it's serializer returned null
[28dic2025 17:10:52.826] [main/INFO] [net.minecraft.world.item.crafting.RecipeManager/]: Skipping loading recipe chisel_chipped_integration:stonecutter/gem/redstone/gem_redstone_mosaic as it's serializer returned null
[28dic2025 17:10:52.827] [main/INFO] [net.minecraft.world.item.crafting.RecipeManager/]: Skipping loading recipe chisel_chipped_integration:stonecutter/tyrian/tyrian_disordered_metal_bits as it's serializer returned null
[28dic2025 17:10:52.827] [main/INFO] [net.minecraft.world.item.crafting.RecipeManager/]: Skipping loading recipe chisel_chipped_integration:stonecutter/wool/wool_llama_pink as it's serializer returned null
[28dic2025 17:10:52.828] [main/INFO] [net.minecraft.world.item.crafting.RecipeManager/]: Skipping loading recipe chisel_chipped_integration:stonecutter/carpet/carpet_legacy_yellow as it's serializer returned null
[28dic2025 17:10:52.830] [main/ERROR] [net.minecraft.world.item.crafting.RecipeManager/]: Parsing error loading recipe wetland_whimsy:ender_brazier
com.google.gson.JsonSyntaxException: Unknown item 'wetland_whimsy:ender_brazier'
	at net.minecraftforge.common.crafting.CraftingHelper.getItem(CraftingHelper.java:160) ~[forge-1.20.1-47.4.0-universal.jar%23298!/:?]
	at net.minecraftforge.common.crafting.CraftingHelper.getItemStack(CraftingHelper.java:186) ~[forge-1.20.1-47.4.0-universal.jar%23298!/:?]
	at net.minecraft.world.item.crafting.ShapedRecipe.m_151274_(ShapedRecipe.java:286) ~[server-1.20.1-20230612.114412-srg.jar%23293!/:?]
	at net.minecraft.world.item.crafting.ShapedRecipe$Serializer.m_6729_(ShapedRecipe.java:311) ~[server-1.20.1-20230612.114412-srg.jar%23293!/:?]
	at net.minecraft.world.item.crafting.ShapedRecipe$Serializer.m_6729_(ShapedRecipe.java:301) ~[server-1.20.1-20230612.114412-srg.jar%23293!/:?]
	at net.minecraftforge.common.extensions.IForgeRecipeSerializer.fromJson(IForgeRecipeSerializer.java:23) ~[forge-1.20.1-47.4.0-universal.jar%23298!/:?]
	at net.minecraft.world.item.crafting.RecipeManager.fromJson(RecipeManager.java:171) ~[server-1.20.1-20230612.114412-srg.jar%23293!/:?]
	at net.minecraft.world.item.crafting.RecipeManager.m_5787_(RecipeManager.java:67) ~[server-1.20.1-20230612.114412-srg.jar%23293!/:?]
	at net.minecraft.world.item.crafting.RecipeManager.m_5787_(RecipeManager.java:34) ~[server-1.20.1-20230612.114412-srg.jar%23293!/:?]
	at net.minecraft.server.packs.resources.SimplePreparableReloadListener.m_10789_(SimplePreparableReloadListener.java:13) ~[server-1.20.1-20230612.114412-srg.jar%23293!/:?]
	at java.util.concurrent.CompletableFuture$UniAccept.tryFire(CompletableFuture.java:718) ~[?:?]
	at java.util.concurrent.CompletableFuture$Completion.run(CompletableFuture.java:482) ~[?:?]
	at net.minecraft.server.packs.resources.SimpleReloadInstance.m_143940_(SimpleReloadInstance.java:69) ~[server-1.20.1-20230612.114412-srg.jar%23293!/:?]
	at net.minecraft.Util.m_214652_(Util.java:783) ~[server-1.20.1-20230612.114412-srg.jar%23293!/:?]
	at net.minecraft.Util.m_214679_(Util.java:772) ~[server-1.20.1-20230612.114412-srg.jar%23293!/:?]
	at net.minecraft.server.Main.main(Main.java:166) ~[server-1.20.1-20230612.114412-srg.jar%23293!/:?]
	at jdk.internal.reflect.NativeMethodAccessorImpl.invoke0(Native Method) ~[?:?]
	at jdk.internal.reflect.NativeMethodAccessorImpl.invoke(NativeMethodAccessorImpl.java:77) ~[?:?]
	at jdk.internal.reflect.DelegatingMethodAccessorImpl.invoke(DelegatingMethodAccessorImpl.java:43) ~[?:?]
	at java.lang.reflect.Method.invoke(Method.java:569) ~[?:?]
	at net.minecraftforge.fml.loading.targets.CommonLaunchHandler.runTarget(CommonLaunchHandler.java:111) ~[fmlloader-1.20.1-47.4.0.jar%2369!/:?]
	at net.minecraftforge.fml.loading.targets.CommonLaunchHandler.serverService(CommonLaunchHandler.java:103) ~[fmlloader-1.20.1-47.4.0.jar%2369!/:?]
	at net.minecraftforge.fml.loading.targets.CommonServerLaunchHandler.lambda$makeService$0(CommonServerLaunchHandler.java:27) ~[fmlloader-1.20.1-47.4.0.jar%2369!/:?]
	at cpw.mods.modlauncher.LaunchServiceHandlerDecorator.launch(LaunchServiceHandlerDecorator.java:30) ~[modlauncher-10.0.9.jar%2355!/:?]
	at cpw.mods.modlauncher.LaunchServiceHandler.launch(LaunchServiceHandler.java:53) ~[modlauncher-10.0.9.jar%2355!/:?]
	at cpw.mods.modlauncher.LaunchServiceHandler.launch(LaunchServiceHandler.java:71) ~[modlauncher-10.0.9.jar%2355!/:?]
	at cpw.mods.modlauncher.Launcher.run(Launcher.java:108) ~[modlauncher-10.0.9.jar%2355!/:?]
	at cpw.mods.modlauncher.Launcher.main(Launcher.java:78) ~[modlauncher-10.0.9.jar%2355!/:?]
	at cpw.mods.modlauncher.BootstrapLaunchConsumer.accept(BootstrapLaunchConsumer.java:26) ~[modlauncher-10.0.9.jar%2355!/:?]
	at cpw.mods.modlauncher.BootstrapLaunchConsumer.accept(BootstrapLaunchConsumer.java:23) ~[modlauncher-10.0.9.jar%2355!/:?]
	at cpw.mods.bootstraplauncher.BootstrapLauncher.main(BootstrapLauncher.java:141) ~[bootstraplauncher-1.1.2.jar:?]
[28dic2025 17:10:52.833] [main/INFO] [net.minecraft.world.item.crafting.RecipeManager/]: Skipping loading recipe chisel_chipped_integration:stonecutter/factory/factory_dotted_rusty_plate as it's serializer returned null
[28dic2025 17:10:52.834] [main/INFO] [net.minecraft.world.item.crafting.RecipeManager/]: Skipping loading recipe chisel_chipped_integration:stonecutter/wool/wool_legacy_lime as it's serializer returned null
[28dic2025 17:10:52.835] [main/INFO] [net.minecraft.world.item.crafting.RecipeManager/]: Skipping loading recipe chisel_chipped_integration:stonecutter/metals/gold/metal_gold_egregious as it's serializer returned null
[28dic2025 17:10:52.837] [main/INFO] [net.minecraft.world.item.crafting.RecipeManager/]: Skipping loading recipe chisel_chipped_integration:stonecutter/wool/wool_legacy_blue as it's serializer returned null
[28dic2025 17:10:52.838] [main/INFO] [net.minecraft.world.item.crafting.RecipeManager/]: Skipping loading recipe chisel_chipped_integration:stonecutter/metals/platinum/metal_platinum_egregious as it's serializer returned null
[28dic2025 17:10:52.841] [main/INFO] [net.minecraft.world.item.crafting.RecipeManager/]: Skipping loading recipe chisel_chipped_integration:stonecutter/gem/emerald/gem_emerald_cell as it's serializer returned null
[28dic2025 17:10:52.843] [main/INFO] [net.minecraft.world.item.crafting.RecipeManager/]: Skipping loading recipe chisel_chipped_integration:stonecutter/tyrian/tyrian_disordered_purple_bits as it's serializer returned null
[28dic2025 17:10:52.846] [main/INFO] [net.minecraft.world.item.crafting.RecipeManager/]: Skipping loading recipe chisel_chipped_integration:stonecutter/wool/wool_legacy_white as it's serializer returned null
[28dic2025 17:10:52.849] [main/INFO] [net.minecraft.world.item.crafting.RecipeManager/]: Skipping loading recipe chisel_chipped_integration:stonecutter/laboratory/laboratory_vents as it's serializer returned null
[28dic2025 17:10:52.857] [main/INFO] [net.minecraft.world.item.crafting.RecipeManager/]: Skipping loading recipe chisel_chipped_integration:stonecutter/metals/tin/metal_tin_bolted as it's serializer returned null
[28dic2025 17:10:52.857] [main/INFO] [net.minecraft.world.item.crafting.RecipeManager/]: Skipping loading recipe chisel_chipped_integration:stonecutter/factory/factory_orange_white_caution_stripes as it's serializer returned null
[28dic2025 17:10:52.858] [main/INFO] [net.minecraft.world.item.crafting.RecipeManager/]: Skipping loading recipe chisel_chipped_integration:stonecutter/carpet/carpet_llama_light_gray as it's serializer returned null
[28dic2025 17:10:52.859] [main/INFO] [net.minecraft.world.item.crafting.RecipeManager/]: Skipping loading recipe chisel_chipped_integration:stonecutter/gem/emerald/gem_emerald_cobble as it's serializer returned null
[28dic2025 17:10:52.864] [main/INFO] [net.minecraft.world.item.crafting.RecipeManager/]: Skipping loading recipe chisel_chipped_integration:stonecutter/technical/technical_still_fan as it's serializer returned null
[28dic2025 17:10:52.868] [main/INFO] [net.minecraft.world.item.crafting.RecipeManager/]: Skipping loading recipe chisel_chipped_integration:stonecutter/metals/cobalt/metal_cobalt_scaffold as it's serializer returned null
[28dic2025 17:10:52.869] [main/INFO] [net.minecraft.world.item.crafting.RecipeManager/]: Skipping loading recipe chisel_chipped_integration:stonecutter/wool/wool_llama_gray as it's serializer returned null
[28dic2025 17:10:52.870] [main/INFO] [net.minecraft.world.item.crafting.RecipeManager/]: Skipping loading recipe chisel_chipped_integration:stonecutter/metals/platinum/metal_platinum_caution as it's serializer returned null
[28dic2025 17:10:52.871] [main/INFO] [net.minecraft.world.item.crafting.RecipeManager/]: Skipping loading recipe chisel_chipped_integration:stonecutter/technical/technical_cables as it's serializer returned null
[28dic2025 17:10:52.871] [main/INFO] [net.minecraft.world.item.crafting.RecipeManager/]: Skipping loading recipe chisel_chipped_integration:stonecutter/laboratory/laboratory_fuzzy_screen as it's serializer returned null
[28dic2025 17:10:52.872] [main/INFO] [net.minecraft.world.item.crafting.RecipeManager/]: Skipping loading recipe chisel_chipped_integration:stonecutter/metals/cobalt/metal_cobalt_shipping_crate as it's serializer returned null
[28dic2025 17:10:52.874] [main/INFO] [net.minecraft.world.item.crafting.RecipeManager/]: Skipping loading recipe chisel_chipped_integration:stonecutter/metals/gold/metal_gold_caution as it's serializer returned null
[28dic2025 17:10:52.875] [main/INFO] [net.minecraft.world.item.crafting.RecipeManager/]: Skipping loading recipe chisel_chipped_integration:stonecutter/metals/cobalt/metal_cobalt_caution as it's serializer returned null
[28dic2025 17:10:52.877] [main/INFO] [net.minecraft.world.item.crafting.RecipeManager/]: Skipping loading recipe chisel_chipped_integration:stonecutter/carpet/carpet_llama_brown as it's serializer returned null
[28dic2025 17:10:52.878] [main/INFO] [net.minecraft.world.item.crafting.RecipeManager/]: Skipping loading recipe chisel_chipped_integration:stonecutter/metals/lead/metal_lead_egregious as it's serializer returned null
[28dic2025 17:10:52.878] [main/INFO] [net.minecraft.world.item.crafting.RecipeManager/]: Skipping loading recipe chisel_chipped_integration:stonecutter/gem/redstone/gem_redstone_small_tiles as it's serializer returned null
[28dic2025 17:10:52.880] [main/INFO] [net.minecraft.world.item.crafting.RecipeManager/]: Skipping loading recipe chisel_chipped_integration:stonecutter/metals/iron/metal_iron_caution as it's serializer returned null
[28dic2025 17:10:52.881] [main/INFO] [net.minecraft.world.item.crafting.RecipeManager/]: Skipping loading recipe chisel_chipped_integration:stonecutter/metals/cobalt/metal_cobalt_industrial_relic as it's serializer returned null
[28dic2025 17:10:52.882] [main/INFO] [net.minecraft.world.item.crafting.RecipeManager/]: Skipping loading recipe chisel_chipped_integration:stonecutter/gem/redstone/gem_redstone_weathered_bricks as it's serializer returned null
[28dic2025 17:10:52.883] [main/INFO] [net.minecraft.world.item.crafting.RecipeManager/]: Skipping loading recipe chisel_chipped_integration:stonecutter/wool/wool_legacy_purple as it's serializer returned null
[28dic2025 17:10:52.884] [main/INFO] [net.minecraft.world.item.crafting.RecipeManager/]: Skipping loading recipe chisel_chipped_integration:stonecutter/metals/nickel/metal_nickel_thermal as it's serializer returned null
[28dic2025 17:10:52.885] [main/INFO] [net.minecraft.world.item.crafting.RecipeManager/]: Skipping loading recipe chisel_chipped_integration:stonecutter/metals/electrum/metal_electrum_caution as it's serializer returned null
[28dic2025 17:10:52.888] [main/INFO] [net.minecraft.world.item.crafting.RecipeManager/]: Skipping loading recipe chisel_chipped_integration:stonecutter/gem/redstone/gem_redstone_pillar as it's serializer returned null
[28dic2025 17:10:52.890] [main/INFO] [net.minecraft.world.item.crafting.RecipeManager/]: Skipping loading recipe chisel_chipped_integration:stonecutter/futura/futura_purple_me_controller as it's serializer returned null
[28dic2025 17:10:52.891] [main/INFO] [net.minecraft.world.item.crafting.RecipeManager/]: Skipping loading recipe chisel_chipped_integration:stonecutter/metals/steel/metal_steel_bolted as it's serializer returned null
[28dic2025 17:10:52.893] [main/INFO] [net.minecraft.world.item.crafting.RecipeManager/]: Skipping loading recipe chisel_chipped_integration:stonecutter/technical/technical_engineering_pipes_0 as it's serializer returned null
[28dic2025 17:10:52.893] [main/INFO] [net.minecraft.world.item.crafting.RecipeManager/]: Skipping loading recipe chisel_chipped_integration:stonecutter/technical/technical_engineering_pipes_1 as it's serializer returned null
[28dic2025 17:10:52.893] [main/INFO] [net.minecraft.world.item.crafting.RecipeManager/]: Skipping loading recipe chisel_chipped_integration:stonecutter/technical/technical_engineering_pipes_2 as it's serializer returned null
[28dic2025 17:10:52.894] [main/INFO] [net.minecraft.world.item.crafting.RecipeManager/]: Skipping loading recipe chisel_chipped_integration:stonecutter/technical/technical_engineering_pipes_3 as it's serializer returned null
[28dic2025 17:10:52.895] [main/INFO] [net.minecraft.world.item.crafting.RecipeManager/]: Skipping loading recipe chisel_chipped_integration:stonecutter/wool/wool_llama_red as it's serializer returned null
[28dic2025 17:10:52.897] [main/INFO] [net.minecraft.world.item.crafting.RecipeManager/]: Skipping loading recipe chisel_chipped_integration:stonecutter/metals/platinum/metal_platinum_scaffold as it's serializer returned null
[28dic2025 17:10:52.901] [main/INFO] [net.minecraft.world.item.crafting.RecipeManager/]: Skipping loading recipe chisel_chipped_integration:stonecutter/carpet/carpet_legacy_purple as it's serializer returned null
[28dic2025 17:10:52.902] [main/INFO] [net.minecraft.world.item.crafting.RecipeManager/]: Skipping loading recipe chisel_chipped_integration:stonecutter/metals/aluminum/metal_aluminum_industrial_relic as it's serializer returned null
[28dic2025 17:10:52.903] [main/INFO] [net.minecraft.world.item.crafting.RecipeManager/]: Skipping loading recipe chisel_chipped_integration:stonecutter/metals/nickel/metal_nickel_scaffold as it's serializer returned null
[28dic2025 17:10:52.907] [main/INFO] [net.minecraft.world.item.crafting.RecipeManager/]: Skipping loading recipe chisel_chipped_integration:stonecutter/wool/wool_llama_cyan as it's serializer returned null
[28dic2025 17:10:52.911] [main/INFO] [net.minecraft.world.item.crafting.RecipeManager/]: Skipping loading recipe chisel_chipped_integration:stonecutter/technical/technical_small_pipes as it's serializer returned null
[28dic2025 17:10:52.915] [main/INFO] [net.minecraft.world.item.crafting.RecipeManager/]: Skipping loading recipe chisel_chipped_integration:stonecutter/gem/redstone/gem_redstone_small_disordered_tiles as it's serializer returned null
[28dic2025 17:10:52.916] [main/INFO] [net.minecraft.world.item.crafting.RecipeManager/]: Skipping loading recipe chisel_chipped_integration:stonecutter/gem/redstone/gem_redstone_prism as it's serializer returned null
[28dic2025 17:10:52.920] [main/INFO] [net.minecraft.world.item.crafting.RecipeManager/]: Skipping loading recipe chisel_chipped_integration:stonecutter/metals/electrum/metal_electrum_egregious as it's serializer returned null
[28dic2025 17:10:52.923] [main/INFO] [net.minecraft.world.item.crafting.RecipeManager/]: Skipping loading recipe chisel_chipped_integration:stonecutter/carpet/carpet_legacy_lime as it's serializer returned null
[28dic2025 17:10:52.925] [main/INFO] [net.minecraft.world.item.crafting.RecipeManager/]: Skipping loading recipe chisel_chipped_integration:stonecutter/metals/lead/metal_lead_caution as it's serializer returned null
[28dic2025 17:10:52.927] [main/INFO] [net.minecraft.world.item.crafting.RecipeManager/]: Skipping loading recipe chisel_chipped_integration:stonecutter/carpet/carpet_legacy_blue as it's serializer returned null
[28dic2025 17:10:52.931] [main/INFO] [net.minecraft.world.item.crafting.RecipeManager/]: Skipping loading recipe chisel_chipped_integration:stonecutter/metals/cobalt/metal_cobalt_thermal as it's serializer returned null
[28dic2025 17:10:52.931] [main/INFO] [net.minecraft.world.item.crafting.RecipeManager/]: Skipping loading recipe chisel_chipped_integration:stonecutter/carpet/carpet_llama_cyan as it's serializer returned null
[28dic2025 17:10:52.932] [main/INFO] [net.minecraft.world.item.crafting.RecipeManager/]: Skipping loading recipe chisel_chipped_integration:stonecutter/gem/diamond/gem_diamond_tiles as it's serializer returned null
[28dic2025 17:10:52.933] [main/INFO] [net.minecraft.world.item.crafting.RecipeManager/]: Skipping loading recipe chisel_chipped_integration:stonecutter/gem/diamond/gem_diamond_gem as it's serializer returned null
[28dic2025 17:10:52.934] [main/INFO] [net.minecraft.world.item.crafting.RecipeManager/]: Skipping loading recipe chisel_chipped_integration:stonecutter/wool/wool_legacy_cyan as it's serializer returned null
[28dic2025 17:10:52.935] [main/INFO] [net.minecraft.world.item.crafting.RecipeManager/]: Skipping loading recipe chisel_chipped_integration:stonecutter/metals/tin/metal_tin_thermal as it's serializer returned null
[28dic2025 17:10:52.936] [main/INFO] [net.minecraft.world.item.crafting.RecipeManager/]: Skipping loading recipe chisel_chipped_integration:stonecutter/laboratory/laboratory_medium_tiles as it's serializer returned null
[28dic2025 17:10:52.937] [main/INFO] [net.minecraft.world.item.crafting.RecipeManager/]: Skipping loading recipe chisel_chipped_integration:stonecutter/factory/factory_vents as it's serializer returned null
[28dic2025 17:10:52.944] [main/INFO] [net.minecraft.world.item.crafting.RecipeManager/]: Skipping loading recipe chisel_chipped_integration:stonecutter/technical/technical_gears as it's serializer returned null
[28dic2025 17:10:52.945] [main/INFO] [net.minecraft.world.item.crafting.RecipeManager/]: Skipping loading recipe chisel_chipped_integration:stonecutter/gem/lapis/gem_lapis_masonry as it's serializer returned null
[28dic2025 17:10:52.947] [main/INFO] [net.minecraft.world.item.crafting.RecipeManager/]: Skipping loading recipe chisel_chipped_integration:stonecutter/technical/technical_fan as it's serializer returned null
[28dic2025 17:10:52.949] [main/INFO] [net.minecraft.world.item.crafting.RecipeManager/]: Skipping loading recipe chisel_chipped_integration:stonecutter/metals/bronze/metal_bronze_thermal as it's serializer returned null
[28dic2025 17:10:52.951] [main/INFO] [net.minecraft.world.item.crafting.RecipeManager/]: Skipping loading recipe chisel_chipped_integration:stonecutter/technical/technical_insulation as it's serializer returned null
[28dic2025 17:10:52.962] [main/INFO] [net.minecraft.world.item.crafting.RecipeManager/]: Skipping loading recipe chisel_chipped_integration:stonecutter/carpet/carpet_legacy_black as it's serializer returned null
[28dic2025 17:10:52.964] [main/INFO] [net.minecraft.world.item.crafting.RecipeManager/]: Skipping loading recipe chisel_chipped_integration:stonecutter/gem/redstone/gem_redstone_dent as it's serializer returned null
[28dic2025 17:10:52.970] [main/INFO] [net.minecraft.world.item.crafting.RecipeManager/]: Skipping loading recipe chisel_chipped_integration:stonecutter/gem/redstone/gem_redstone_road as it's serializer returned null
[28dic2025 17:10:52.976] [main/INFO] [net.minecraft.world.item.crafting.RecipeManager/]: Skipping loading recipe chisel_chipped_integration:stonecutter/tyrian/tyrian_opening as it's serializer returned null
[28dic2025 17:10:52.977] [main/INFO] [net.minecraft.world.item.crafting.RecipeManager/]: Skipping loading recipe chisel_chipped_integration:stonecutter/metals/electrum/metal_electrum_shipping_crate as it's serializer returned null
[28dic2025 17:10:52.977] [main/INFO] [net.minecraft.world.item.crafting.RecipeManager/]: Skipping loading recipe chisel_chipped_integration:stonecutter/technical/technical_massive_fan as it's serializer returned null
[28dic2025 17:10:52.978] [main/INFO] [net.minecraft.world.item.crafting.RecipeManager/]: Skipping loading recipe chisel_chipped_integration:stonecutter/tyrian/tyrian_rust as it's serializer returned null
[28dic2025 17:10:52.982] [main/INFO] [net.minecraft.world.item.crafting.RecipeManager/]: Skipping loading recipe chisel_chipped_integration:stonecutter/metals/nickel/metal_nickel_bolted as it's serializer returned null
[28dic2025 17:10:52.991] [main/INFO] [net.minecraft.world.item.crafting.RecipeManager/]: Skipping loading recipe chisel_chipped_integration:stonecutter/metals/aluminum/metal_aluminum_caution as it's serializer returned null
[28dic2025 17:10:52.992] [main/INFO] [net.minecraft.world.item.crafting.RecipeManager/]: Skipping loading recipe chisel_chipped_integration:stonecutter/gem/diamond/gem_diamond_space as it's serializer returned null
[28dic2025 17:10:52.994] [main/INFO] [net.minecraft.world.item.crafting.RecipeManager/]: Skipping loading recipe chisel_chipped_integration:stonecutter/metals/iron/metal_iron_scaffold as it's serializer returned null
[28dic2025 17:10:52.994] [main/INFO] [net.minecraft.world.item.crafting.RecipeManager/]: Skipping loading recipe chisel_chipped_integration:stonecutter/metals/iron/metal_iron_bolted as it's serializer returned null
[28dic2025 17:10:52.995] [main/INFO] [net.minecraft.world.item.crafting.RecipeManager/]: Skipping loading recipe chisel_chipped_integration:stonecutter/factory/factory_blue_wireframe as it's serializer returned null
[28dic2025 17:10:52.996] [main/INFO] [net.minecraft.world.item.crafting.RecipeManager/]: Skipping loading recipe chisel_chipped_integration:stonecutter/technical/technical_industrial_relic as it's serializer returned null
[28dic2025 17:10:52.996] [main/INFO] [net.minecraft.world.item.crafting.RecipeManager/]: Skipping loading recipe chisel_chipped_integration:stonecutter/tyrian/tyrian_black_strips as it's serializer returned null
[28dic2025 17:10:52.998] [main/INFO] [net.minecraft.world.item.crafting.RecipeManager/]: Skipping loading recipe chisel_chipped_integration:stonecutter/wool/wool_llama_light_gray as it's serializer returned null
[28dic2025 17:10:52.999] [main/INFO] [net.minecraft.world.item.crafting.RecipeManager/]: Skipping loading recipe chisel_chipped_integration:stonecutter/laboratory/laboratory_tiles as it's serializer returned null
[28dic2025 17:10:53.001] [main/INFO] [net.minecraft.world.item.crafting.RecipeManager/]: Skipping loading recipe chisel_chipped_integration:stonecutter/tyrian/tyrian_shiny_plates as it's serializer returned null
[28dic2025 17:10:53.002] [main/INFO] [net.minecraft.world.item.crafting.RecipeManager/]: Skipping loading recipe chisel_chipped_integration:stonecutter/metals/platinum/metal_platinum_bolted as it's serializer returned null
[28dic2025 17:10:53.002] [main/INFO] [net.minecraft.world.item.crafting.RecipeManager/]: Skipping loading recipe chisel_chipped_integration:stonecutter/laboratory/laboratory_colsole as it's serializer returned null
[28dic2025 17:10:53.004] [main/INFO] [net.minecraft.world.item.crafting.RecipeManager/]: Skipping loading recipe chisel_chipped_integration:stonecutter/metals/copper/metal_copper_industrial_relic as it's serializer returned null
[28dic2025 17:10:53.007] [main/INFO] [net.minecraft.world.item.crafting.RecipeManager/]: Skipping loading recipe chisel_chipped_integration:stonecutter/metals/iron/metal_iron_thermal as it's serializer returned null
[28dic2025 17:10:53.008] [main/INFO] [net.minecraft.world.item.crafting.RecipeManager/]: Skipping loading recipe chisel_chipped_integration:stonecutter/laboratory/laboratory_roundel as it's serializer returned null
[28dic2025 17:10:53.011] [main/INFO] [net.minecraft.world.item.crafting.RecipeManager/]: Skipping loading recipe chisel_chipped_integration:stonecutter/wool/wool_legacy_light_blue as it's serializer returned null
[28dic2025 17:10:53.011] [main/INFO] [net.minecraft.world.item.crafting.RecipeManager/]: Skipping loading recipe chisel_chipped_integration:stonecutter/metals/copper/metal_copper_scaffold as it's serializer returned null
[28dic2025 17:10:53.011] [main/INFO] [net.minecraft.world.item.crafting.RecipeManager/]: Skipping loading recipe chisel_chipped_integration:stonecutter/tyrian/tyrian_dent as it's serializer returned null
[28dic2025 17:10:53.014] [main/INFO] [net.minecraft.world.item.crafting.RecipeManager/]: Skipping loading recipe chisel_chipped_integration:stonecutter/laboratory/laboratory_dark_medium_tiles as it's serializer returned null
[28dic2025 17:10:53.015] [main/INFO] [net.minecraft.world.item.crafting.RecipeManager/]: Skipping loading recipe chisel_chipped_integration:stonecutter/wool/wool_legacy_yellow as it's serializer returned null
[28dic2025 17:10:53.015] [main/INFO] [net.minecraft.world.item.crafting.RecipeManager/]: Skipping loading recipe chisel_chipped_integration:stonecutter/tyrian/tyrian_small_uneven_tiles as it's serializer returned null
[28dic2025 17:10:53.016] [main/INFO] [net.minecraft.world.item.crafting.RecipeManager/]: Skipping loading recipe chisel_chipped_integration:stonecutter/metals/gold/metal_gold_thermal as it's serializer returned null
[28dic2025 17:10:53.017] [main/INFO] [net.minecraft.world.item.crafting.RecipeManager/]: Skipping loading recipe chisel_chipped_integration:stonecutter/gem/emerald/gem_emerald_zelda as it's serializer returned null
[28dic2025 17:10:53.022] [main/INFO] [net.minecraft.world.item.crafting.RecipeManager/]: Skipping loading recipe chisel_chipped_integration:stonecutter/wool/wool_llama_yellow as it's serializer returned null
[28dic2025 17:10:53.025] [main/INFO] [net.minecraft.world.item.crafting.RecipeManager/]: Skipping loading recipe chisel_chipped_integration:stonecutter/technical/technical_megacell as it's serializer returned null
[28dic2025 17:10:53.026] [main/INFO] [net.minecraft.world.item.crafting.RecipeManager/]: Skipping loading recipe chisel_chipped_integration:stonecutter/metals/invar/metal_invar_shipping_crate as it's serializer returned null
[28dic2025 17:10:53.027] [main/INFO] [net.minecraft.world.item.crafting.RecipeManager/]: Skipping loading recipe chisel_chipped_integration:stonecutter/factory/factory_ice_ice_ice as it's serializer returned null
[28dic2025 17:10:53.029] [main/INFO] [net.minecraft.world.item.crafting.RecipeManager/]: Skipping loading recipe chisel_chipped_integration:stonecutter/gem/diamond/gem_diamond_gold_encrusted as it's serializer returned null
[28dic2025 17:10:53.031] [main/INFO] [net.minecraft.world.item.crafting.RecipeManager/]: Skipping loading recipe chisel_chipped_integration:stonecutter/laboratory/laboratory_dotted_panel as it's serializer returned null
[28dic2025 17:10:53.033] [main/INFO] [net.minecraft.world.item.crafting.RecipeManager/]: Skipping loading recipe chisel_chipped_integration:stonecutter/gem/redstone/gem_redstone_cracked_bricks as it's serializer returned null
[28dic2025 17:10:53.041] [main/INFO] [net.minecraft.world.item.crafting.RecipeManager/]: Skipping loading recipe chisel_chipped_integration:stonecutter/laboratory/laboratory_large_tiles as it's serializer returned null
[28dic2025 17:10:53.042] [main/INFO] [net.minecraft.world.item.crafting.RecipeManager/]: Skipping loading recipe chisel_chipped_integration:stonecutter/gem/redstone/gem_redstone_braid as it's serializer returned null
[28dic2025 17:10:53.043] [main/INFO] [net.minecraft.world.item.crafting.RecipeManager/]: Skipping loading recipe chisel_chipped_integration:stonecutter/metals/cobalt/metal_cobalt_egregious as it's serializer returned null
[28dic2025 17:10:53.045] [main/INFO] [net.minecraft.world.item.crafting.RecipeManager/]: Skipping loading recipe chisel_chipped_integration:stonecutter/technical/technical_large_pipes as it's serializer returned null
[28dic2025 17:10:53.053] [main/INFO] [net.minecraft.world.item.crafting.RecipeManager/]: Skipping loading recipe chisel_chipped_integration:stonecutter/technical/technical_extremely_rusted_panels as it's serializer returned null
[28dic2025 17:10:53.055] [main/INFO] [net.minecraft.world.item.crafting.RecipeManager/]: Skipping loading recipe chisel_chipped_integration:stonecutter/technical/technical_rusty_grate as it's serializer returned null
[28dic2025 17:10:53.056] [main/INFO] [net.minecraft.world.item.crafting.RecipeManager/]: Skipping loading recipe chisel_chipped_integration:stonecutter/metals/bronze/metal_bronze_shipping_crate as it's serializer returned null
[28dic2025 17:10:53.057] [main/INFO] [net.minecraft.world.item.crafting.RecipeManager/]: Skipping loading recipe chisel_chipped_integration:stonecutter/metals/lead/metal_lead_thermal as it's serializer returned null
[28dic2025 17:10:53.058] [main/INFO] [net.minecraft.world.item.crafting.RecipeManager/]: Skipping loading recipe chisel_chipped_integration:stonecutter/futura/futura_gray_screen as it's serializer returned null
[28dic2025 17:10:53.060] [main/INFO] [net.minecraft.world.item.crafting.RecipeManager/]: Skipping loading recipe chisel_chipped_integration:stonecutter/metals/steel/metal_steel_scaffold as it's serializer returned null
[28dic2025 17:10:53.064] [main/INFO] [net.minecraft.world.item.crafting.RecipeManager/]: Skipping loading recipe enderio:ae_glass_cable as it's serializer returned null
[28dic2025 17:10:53.064] [main/INFO] [net.minecraft.world.item.crafting.RecipeManager/]: Skipping loading recipe chisel_chipped_integration:stonecutter/gem/emerald/gem_emerald_gold_encrusted as it's serializer returned null
[28dic2025 17:10:53.064] [main/INFO] [net.minecraft.world.item.crafting.RecipeManager/]: Skipping loading recipe chisel_chipped_integration:stonecutter/gem/lapis/gem_lapis_panel as it's serializer returned null
[28dic2025 17:10:53.065] [main/INFO] [net.minecraft.world.item.crafting.RecipeManager/]: Skipping loading recipe chisel_chipped_integration:stonecutter/factory/factory_yellow_black_caution_stripes as it's serializer returned null
[28dic2025 17:10:53.066] [main/INFO] [net.minecraft.world.item.crafting.RecipeManager/]: Skipping loading recipe chisel_chipped_integration:stonecutter/metals/silver/metal_silver_egregious as it's serializer returned null
[28dic2025 17:10:53.078] [main/INFO] [net.minecraft.world.item.crafting.RecipeManager/]: Loaded 97 recipes
[28dic2025 17:10:53.079] [main/INFO] [com.teamabnormals.blueprint.core.Blueprint/]: Advancement Modification Manager has loaded 0 modifier groups
[28dic2025 17:10:53.267] [main/ERROR] [net.minecraft.server.ServerAdvancementManager/]: Parsing error loading custom advancement wetland_whimsy:recipes/misc/cupric_brazier: Unknown item id 'wetland_whimsy:cupric_brazier'
[28dic2025 17:10:53.349] [main/ERROR] [net.minecraft.server.ServerAdvancementManager/]: Parsing error loading custom advancement wetland_whimsy:recipes/misc/ender_brazier: Unknown item id 'wetland_whimsy:ender_brazier'
[28dic2025 17:10:53.417] [main/ERROR] [net.minecraft.server.ServerAdvancementManager/]: Parsing error loading custom advancement ad_astra:ocean_cleanup: Missing criteria, expected to find a JsonObject
[28dic2025 17:10:53.505] [main/INFO] [net.minecraft.advancements.AdvancementList/]: Loaded 9064 advancements
[28dic2025 17:10:53.529] [main/INFO] [top.theillusivec4.curios.Curios/]: Loaded 10 curio slots
[28dic2025 17:10:53.543] [main/INFO] [top.theillusivec4.curios.Curios/]: Loaded 1 curio entities
[28dic2025 17:10:53.556] [main/INFO] [Fossils Archeology/]: Loaded 733 server animations for 66 entities
[28dic2025 17:10:53.588] [main/INFO] [Fossils Archeology/]: Loaded 1056 animation category entries for 66 entities
[28dic2025 17:10:53.598] [main/INFO] [Fossils Archeology/]: Loaded data for 59 entities
[28dic2025 17:10:53.601] [main/INFO] [Fossils Archeology/]: Loaded food values: (items: 51) (entities: 34, 34) (Tags: 8, 0)
[28dic2025 17:10:53.617] [main/INFO] [Fossils Archeology/]: Loaded 12 variants
[28dic2025 17:10:53.619] [main/INFO] [rechiseled/]: Loaded 44 chiseling recipes
[28dic2025 17:10:53.637] [main/INFO] [enderio/]: Data loader for eio_soul/spawner loaded 73 jsons
[28dic2025 17:10:53.638] [main/INFO] [enderio/]: Data loader for eio_soul/engine loaded 5 jsons
[28dic2025 17:10:53.666] [main/INFO] [com.teamabnormals.blueprint.core.Blueprint/]: Chunk Generator Modification Manager has loaded 0 modifier groups
[28dic2025 17:10:53.666] [main/INFO] [solarhelmet/]: Solar Helmet recipe injecting...
[28dic2025 17:10:53.686] [main/INFO] [solarhelmet/]: Solar Helmet created recipe for ad_astra:jet_suit_helmet with id 'solarhelmet:solar_helmet_creation_ad_astra_jet_suit_helmet'
[28dic2025 17:10:53.696] [main/INFO] [solarhelmet/]: Solar Helmet created recipe for ad_astra:jet_suit_helmet with id 'solarhelmet:solar_helmet_removal_ad_astra_jet_suit_helmet'
[28dic2025 17:10:53.707] [main/INFO] [solarhelmet/]: Solar Helmet created recipe for ad_astra:netherite_space_helmet with id 'solarhelmet:solar_helmet_creation_ad_astra_netherite_space_helmet'
[28dic2025 17:10:53.720] [main/INFO] [solarhelmet/]: Solar Helmet created recipe for ad_astra:netherite_space_helmet with id 'solarhelmet:solar_helmet_removal_ad_astra_netherite_space_helmet'
[28dic2025 17:10:53.728] [main/INFO] [solarhelmet/]: Solar Helmet created recipe for ad_astra:space_helmet with id 'solarhelmet:solar_helmet_creation_ad_astra_space_helmet'
[28dic2025 17:10:53.736] [main/INFO] [solarhelmet/]: Solar Helmet created recipe for ad_astra:space_helmet with id 'solarhelmet:solar_helmet_removal_ad_astra_space_helmet'
[28dic2025 17:10:53.753] [main/INFO] [solarhelmet/]: Solar Helmet created recipe for create:cardboard_helmet with id 'solarhelmet:solar_helmet_creation_create_cardboard_helmet'
[28dic2025 17:10:53.761] [main/INFO] [solarhelmet/]: Solar Helmet created recipe for create:cardboard_helmet with id 'solarhelmet:solar_helmet_removal_create_cardboard_helmet'
[28dic2025 17:10:53.769] [main/INFO] [solarhelmet/]: Solar Helmet created recipe for create:copper_diving_helmet with id 'solarhelmet:solar_helmet_creation_create_copper_diving_helmet'
[28dic2025 17:10:53.777] [main/INFO] [solarhelmet/]: Solar Helmet created recipe for create:copper_diving_helmet with id 'solarhelmet:solar_helmet_removal_create_copper_diving_helmet'
[28dic2025 17:10:53.786] [main/INFO] [solarhelmet/]: Solar Helmet created recipe for create:netherite_diving_helmet with id 'solarhelmet:solar_helmet_creation_create_netherite_diving_helmet'
[28dic2025 17:10:53.794] [main/INFO] [solarhelmet/]: Solar Helmet created recipe for create:netherite_diving_helmet with id 'solarhelmet:solar_helmet_removal_create_netherite_diving_helmet'
[28dic2025 17:10:53.804] [main/INFO] [solarhelmet/]: Solar Helmet created recipe for fossil:ancient_helmet with id 'solarhelmet:solar_helmet_creation_fossil_ancient_helmet'
[28dic2025 17:10:53.813] [main/INFO] [solarhelmet/]: Solar Helmet created recipe for fossil:ancient_helmet with id 'solarhelmet:solar_helmet_removal_fossil_ancient_helmet'
[28dic2025 17:10:53.820] [main/INFO] [solarhelmet/]: Solar Helmet created recipe for fossil:bone_helmet with id 'solarhelmet:solar_helmet_creation_fossil_bone_helmet'
[28dic2025 17:10:53.824] [main/INFO] [solarhelmet/]: Solar Helmet created recipe for fossil:bone_helmet with id 'solarhelmet:solar_helmet_removal_fossil_bone_helmet'
[28dic2025 17:10:53.830] [main/INFO] [solarhelmet/]: Solar Helmet created recipe for immersiveengineering:armor_faraday_helmet with id 'solarhelmet:solar_helmet_creation_immersiveengineering_armor_faraday_helmet'
[28dic2025 17:10:53.833] [main/INFO] [solarhelmet/]: Solar Helmet created recipe for immersiveengineering:armor_faraday_helmet with id 'solarhelmet:solar_helmet_removal_immersiveengineering_armor_faraday_helmet'
[28dic2025 17:10:53.838] [main/INFO] [solarhelmet/]: Solar Helmet created recipe for immersiveengineering:armor_steel_helmet with id 'solarhelmet:solar_helmet_creation_immersiveengineering_armor_steel_helmet'
[28dic2025 17:10:53.842] [main/INFO] [solarhelmet/]: Solar Helmet created recipe for immersiveengineering:armor_steel_helmet with id 'solarhelmet:solar_helmet_removal_immersiveengineering_armor_steel_helmet'
[28dic2025 17:10:53.846] [main/INFO] [solarhelmet/]: Solar Helmet created recipe for mekanism:hazmat_mask with id 'solarhelmet:solar_helmet_creation_mekanism_hazmat_mask'
[28dic2025 17:10:53.850] [main/INFO] [solarhelmet/]: Solar Helmet created recipe for mekanism:hazmat_mask with id 'solarhelmet:solar_helmet_removal_mekanism_hazmat_mask'
[28dic2025 17:10:53.854] [main/INFO] [solarhelmet/]: Solar Helmet created recipe for mekanism:mekasuit_helmet with id 'solarhelmet:solar_helmet_creation_mekanism_mekasuit_helmet'
[28dic2025 17:10:53.858] [main/INFO] [solarhelmet/]: Solar Helmet created recipe for mekanism:mekasuit_helmet with id 'solarhelmet:solar_helmet_removal_mekanism_mekasuit_helmet'
[28dic2025 17:10:53.863] [main/INFO] [solarhelmet/]: Solar Helmet created recipe for mekanism:scuba_mask with id 'solarhelmet:solar_helmet_creation_mekanism_scuba_mask'
[28dic2025 17:10:53.867] [main/INFO] [solarhelmet/]: Solar Helmet created recipe for mekanism:scuba_mask with id 'solarhelmet:solar_helmet_removal_mekanism_scuba_mask'
[28dic2025 17:10:53.871] [main/INFO] [solarhelmet/]: Solar Helmet created recipe for mekanismtools:bronze_helmet with id 'solarhelmet:solar_helmet_creation_mekanismtools_bronze_helmet'
[28dic2025 17:10:53.876] [main/INFO] [solarhelmet/]: Solar Helmet created recipe for mekanismtools:bronze_helmet with id 'solarhelmet:solar_helmet_removal_mekanismtools_bronze_helmet'
[28dic2025 17:10:53.880] [main/INFO] [solarhelmet/]: Solar Helmet created recipe for mekanismtools:lapis_lazuli_helmet with id 'solarhelmet:solar_helmet_creation_mekanismtools_lapis_lazuli_helmet'
[28dic2025 17:10:53.884] [main/INFO] [solarhelmet/]: Solar Helmet created recipe for mekanismtools:lapis_lazuli_helmet with id 'solarhelmet:solar_helmet_removal_mekanismtools_lapis_lazuli_helmet'
[28dic2025 17:10:53.888] [main/INFO] [solarhelmet/]: Solar Helmet created recipe for mekanismtools:osmium_helmet with id 'solarhelmet:solar_helmet_creation_mekanismtools_osmium_helmet'
[28dic2025 17:10:53.892] [main/INFO] [solarhelmet/]: Solar Helmet created recipe for mekanismtools:osmium_helmet with id 'solarhelmet:solar_helmet_removal_mekanismtools_osmium_helmet'
[28dic2025 17:10:53.897] [main/INFO] [solarhelmet/]: Solar Helmet created recipe for mekanismtools:refined_glowstone_helmet with id 'solarhelmet:solar_helmet_creation_mekanismtools_refined_glowstone_helmet'
[28dic2025 17:10:53.901] [main/INFO] [solarhelmet/]: Solar Helmet created recipe for mekanismtools:refined_glowstone_helmet with id 'solarhelmet:solar_helmet_removal_mekanismtools_refined_glowstone_helmet'
[28dic2025 17:10:53.905] [main/INFO] [solarhelmet/]: Solar Helmet created recipe for mekanismtools:refined_obsidian_helmet with id 'solarhelmet:solar_helmet_creation_mekanismtools_refined_obsidian_helmet'
[28dic2025 17:10:53.910] [main/INFO] [solarhelmet/]: Solar Helmet created recipe for mekanismtools:refined_obsidian_helmet with id 'solarhelmet:solar_helmet_removal_mekanismtools_refined_obsidian_helmet'
[28dic2025 17:10:53.914] [main/INFO] [solarhelmet/]: Solar Helmet created recipe for mekanismtools:steel_helmet with id 'solarhelmet:solar_helmet_creation_mekanismtools_steel_helmet'
[28dic2025 17:10:53.919] [main/INFO] [solarhelmet/]: Solar Helmet created recipe for mekanismtools:steel_helmet with id 'solarhelmet:solar_helmet_removal_mekanismtools_steel_helmet'
[28dic2025 17:10:53.924] [main/INFO] [solarhelmet/]: Solar Helmet created recipe for minecraft:chainmail_helmet with id 'solarhelmet:solar_helmet_creation_minecraft_chainmail_helmet'
[28dic2025 17:10:53.928] [main/INFO] [solarhelmet/]: Solar Helmet created recipe for minecraft:chainmail_helmet with id 'solarhelmet:solar_helmet_removal_minecraft_chainmail_helmet'
[28dic2025 17:10:53.933] [main/INFO] [solarhelmet/]: Solar Helmet created recipe for minecraft:diamond_helmet with id 'solarhelmet:solar_helmet_creation_minecraft_diamond_helmet'
[28dic2025 17:10:53.937] [main/INFO] [solarhelmet/]: Solar Helmet created recipe for minecraft:diamond_helmet with id 'solarhelmet:solar_helmet_removal_minecraft_diamond_helmet'
[28dic2025 17:10:53.941] [main/INFO] [solarhelmet/]: Solar Helmet created recipe for minecraft:golden_helmet with id 'solarhelmet:solar_helmet_creation_minecraft_golden_helmet'
[28dic2025 17:10:53.946] [main/INFO] [solarhelmet/]: Solar Helmet created recipe for minecraft:golden_helmet with id 'solarhelmet:solar_helmet_removal_minecraft_golden_helmet'
[28dic2025 17:10:53.950] [main/INFO] [solarhelmet/]: Solar Helmet created recipe for minecraft:iron_helmet with id 'solarhelmet:solar_helmet_creation_minecraft_iron_helmet'
[28dic2025 17:10:53.954] [main/INFO] [solarhelmet/]: Solar Helmet created recipe for minecraft:iron_helmet with id 'solarhelmet:solar_helmet_removal_minecraft_iron_helmet'
[28dic2025 17:10:53.957] [main/INFO] [solarhelmet/]: Solar Helmet created recipe for minecraft:leather_helmet with id 'solarhelmet:solar_helmet_creation_minecraft_leather_helmet'
[28dic2025 17:10:53.961] [main/INFO] [solarhelmet/]: Solar Helmet created recipe for minecraft:leather_helmet with id 'solarhelmet:solar_helmet_removal_minecraft_leather_helmet'
[28dic2025 17:10:53.965] [main/INFO] [solarhelmet/]: Solar Helmet created recipe for minecraft:netherite_helmet with id 'solarhelmet:solar_helmet_creation_minecraft_netherite_helmet'
[28dic2025 17:10:53.969] [main/INFO] [solarhelmet/]: Solar Helmet created recipe for minecraft:netherite_helmet with id 'solarhelmet:solar_helmet_removal_minecraft_netherite_helmet'
[28dic2025 17:10:53.974] [main/INFO] [solarhelmet/]: Solar Helmet created recipe for minecraft:turtle_helmet with id 'solarhelmet:solar_helmet_creation_minecraft_turtle_helmet'
[28dic2025 17:10:53.978] [main/INFO] [solarhelmet/]: Solar Helmet created recipe for minecraft:turtle_helmet with id 'solarhelmet:solar_helmet_removal_minecraft_turtle_helmet'
[28dic2025 17:10:53.982] [main/INFO] [solarhelmet/]: Solar Helmet created recipe for railways:black_conductor_cap with id 'solarhelmet:solar_helmet_creation_railways_black_conductor_cap'
[28dic2025 17:10:53.986] [main/INFO] [solarhelmet/]: Solar Helmet created recipe for railways:black_conductor_cap with id 'solarhelmet:solar_helmet_removal_railways_black_conductor_cap'
[28dic2025 17:10:53.990] [main/INFO] [solarhelmet/]: Solar Helmet created recipe for railways:blue_conductor_cap with id 'solarhelmet:solar_helmet_creation_railways_blue_conductor_cap'
[28dic2025 17:10:53.994] [main/INFO] [solarhelmet/]: Solar Helmet created recipe for railways:blue_conductor_cap with id 'solarhelmet:solar_helmet_removal_railways_blue_conductor_cap'
[28dic2025 17:10:53.998] [main/INFO] [solarhelmet/]: Solar Helmet created recipe for railways:brown_conductor_cap with id 'solarhelmet:solar_helmet_creation_railways_brown_conductor_cap'
[28dic2025 17:10:54.002] [main/INFO] [solarhelmet/]: Solar Helmet created recipe for railways:brown_conductor_cap with id 'solarhelmet:solar_helmet_removal_railways_brown_conductor_cap'
[28dic2025 17:10:54.006] [main/INFO] [solarhelmet/]: Solar Helmet created recipe for railways:cyan_conductor_cap with id 'solarhelmet:solar_helmet_creation_railways_cyan_conductor_cap'
[28dic2025 17:10:54.011] [main/INFO] [solarhelmet/]: Solar Helmet created recipe for railways:cyan_conductor_cap with id 'solarhelmet:solar_helmet_removal_railways_cyan_conductor_cap'
[28dic2025 17:10:54.015] [main/INFO] [solarhelmet/]: Solar Helmet created recipe for railways:gray_conductor_cap with id 'solarhelmet:solar_helmet_creation_railways_gray_conductor_cap'
[28dic2025 17:10:54.019] [main/INFO] [solarhelmet/]: Solar Helmet created recipe for railways:gray_conductor_cap with id 'solarhelmet:solar_helmet_removal_railways_gray_conductor_cap'
[28dic2025 17:10:54.024] [main/INFO] [solarhelmet/]: Solar Helmet created recipe for railways:green_conductor_cap with id 'solarhelmet:solar_helmet_creation_railways_green_conductor_cap'
[28dic2025 17:10:54.028] [main/INFO] [solarhelmet/]: Solar Helmet created recipe for railways:green_conductor_cap with id 'solarhelmet:solar_helmet_removal_railways_green_conductor_cap'
[28dic2025 17:10:54.033] [main/INFO] [solarhelmet/]: Solar Helmet created recipe for railways:light_blue_conductor_cap with id 'solarhelmet:solar_helmet_creation_railways_light_blue_conductor_cap'
[28dic2025 17:10:54.036] [main/INFO] [solarhelmet/]: Solar Helmet created recipe for railways:light_blue_conductor_cap with id 'solarhelmet:solar_helmet_removal_railways_light_blue_conductor_cap'
[28dic2025 17:10:54.040] [main/INFO] [solarhelmet/]: Solar Helmet created recipe for railways:light_gray_conductor_cap with id 'solarhelmet:solar_helmet_creation_railways_light_gray_conductor_cap'
[28dic2025 17:10:54.045] [main/INFO] [solarhelmet/]: Solar Helmet created recipe for railways:light_gray_conductor_cap with id 'solarhelmet:solar_helmet_removal_railways_light_gray_conductor_cap'
[28dic2025 17:10:54.049] [main/INFO] [solarhelmet/]: Solar Helmet created recipe for railways:lime_conductor_cap with id 'solarhelmet:solar_helmet_creation_railways_lime_conductor_cap'
[28dic2025 17:10:54.053] [main/INFO] [solarhelmet/]: Solar Helmet created recipe for railways:lime_conductor_cap with id 'solarhelmet:solar_helmet_removal_railways_lime_conductor_cap'
[28dic2025 17:10:54.057] [main/INFO] [solarhelmet/]: Solar Helmet created recipe for railways:magenta_conductor_cap with id 'solarhelmet:solar_helmet_creation_railways_magenta_conductor_cap'
[28dic2025 17:10:54.061] [main/INFO] [solarhelmet/]: Solar Helmet created recipe for railways:magenta_conductor_cap with id 'solarhelmet:solar_helmet_removal_railways_magenta_conductor_cap'
[28dic2025 17:10:54.065] [main/INFO] [solarhelmet/]: Solar Helmet created recipe for railways:orange_conductor_cap with id 'solarhelmet:solar_helmet_creation_railways_orange_conductor_cap'
[28dic2025 17:10:54.069] [main/INFO] [solarhelmet/]: Solar Helmet created recipe for railways:orange_conductor_cap with id 'solarhelmet:solar_helmet_removal_railways_orange_conductor_cap'
[28dic2025 17:10:54.073] [main/INFO] [solarhelmet/]: Solar Helmet created recipe for railways:pink_conductor_cap with id 'solarhelmet:solar_helmet_creation_railways_pink_conductor_cap'
[28dic2025 17:10:54.077] [main/INFO] [solarhelmet/]: Solar Helmet created recipe for railways:pink_conductor_cap with id 'solarhelmet:solar_helmet_removal_railways_pink_conductor_cap'
[28dic2025 17:10:54.081] [main/INFO] [solarhelmet/]: Solar Helmet created recipe for railways:purple_conductor_cap with id 'solarhelmet:solar_helmet_creation_railways_purple_conductor_cap'
[28dic2025 17:10:54.085] [main/INFO] [solarhelmet/]: Solar Helmet created recipe for railways:purple_conductor_cap with id 'solarhelmet:solar_helmet_removal_railways_purple_conductor_cap'
[28dic2025 17:10:54.089] [main/INFO] [solarhelmet/]: Solar Helmet created recipe for railways:red_conductor_cap with id 'solarhelmet:solar_helmet_creation_railways_red_conductor_cap'
[28dic2025 17:10:54.093] [main/INFO] [solarhelmet/]: Solar Helmet created recipe for railways:red_conductor_cap with id 'solarhelmet:solar_helmet_removal_railways_red_conductor_cap'
[28dic2025 17:10:54.097] [main/INFO] [solarhelmet/]: Solar Helmet created recipe for railways:white_conductor_cap with id 'solarhelmet:solar_helmet_creation_railways_white_conductor_cap'
[28dic2025 17:10:54.101] [main/INFO] [solarhelmet/]: Solar Helmet created recipe for railways:white_conductor_cap with id 'solarhelmet:solar_helmet_removal_railways_white_conductor_cap'
[28dic2025 17:10:54.104] [main/INFO] [solarhelmet/]: Solar Helmet created recipe for railways:yellow_conductor_cap with id 'solarhelmet:solar_helmet_creation_railways_yellow_conductor_cap'
[28dic2025 17:10:54.108] [main/INFO] [solarhelmet/]: Solar Helmet created recipe for railways:yellow_conductor_cap with id 'solarhelmet:solar_helmet_removal_railways_yellow_conductor_cap'
[28dic2025 17:10:54.114] [main/INFO] [solarhelmet/]: Solar Helmet created recipe for usefulslime:slime_helmet with id 'solarhelmet:solar_helmet_creation_usefulslime_slime_helmet'
[28dic2025 17:10:54.118] [main/INFO] [solarhelmet/]: Solar Helmet created recipe for usefulslime:slime_helmet with id 'solarhelmet:solar_helmet_removal_usefulslime_slime_helmet'
[28dic2025 17:10:59.483] [Server thread/INFO] [net.minecraft.server.dedicated.DedicatedServer/]: Starting minecraft server version 1.20.1
[28dic2025 17:10:59.483] [Server thread/INFO] [net.minecraft.server.dedicated.DedicatedServer/]: Loading properties
[28dic2025 17:10:59.483] [Server thread/INFO] [net.minecraft.server.dedicated.DedicatedServer/]: Default game type: SURVIVAL
[28dic2025 17:10:59.483] [Server thread/INFO] [net.minecraft.server.MinecraftServer/]: Generating keypair
[28dic2025 17:10:59.565] [Server thread/INFO] [net.minecraft.server.dedicated.DedicatedServer/]: Starting Minecraft server on *:25565
[28dic2025 17:10:59.988] [Server thread/INFO] [net.minecraft.server.network.ServerConnectionListener/]: Using epoll channel type
[28dic2025 17:11:00.236] [Server thread/WARN] [net.minecraft.server.dedicated.DedicatedServer/]: **** SERVER IS RUNNING IN OFFLINE/INSECURE MODE!
[28dic2025 17:11:00.236] [Server thread/WARN] [net.minecraft.server.dedicated.DedicatedServer/]: The server will make no attempt to authenticate usernames. Beware.
[28dic2025 17:11:00.237] [Server thread/WARN] [net.minecraft.server.dedicated.DedicatedServer/]: While this makes the game possible to play without internet access, it also opens up the ability for hackers to connect with any username they choose.
[28dic2025 17:11:00.237] [Server thread/WARN] [net.minecraft.server.dedicated.DedicatedServer/]: To change this, set "online-mode" to "true" in the server.properties file.
[28dic2025 17:11:00.577] [Server thread/INFO] [spark/]: Starting background profiler...
[28dic2025 17:11:01.186] [Server thread/INFO] [Framework/]: Loading server configs...
[28dic2025 17:11:01.260] [Server thread/INFO] [terrablender/]: Initialized TerraBlender biomes for level stem minecraft:the_nether
[28dic2025 17:11:01.698] [Netty Epoll Server IO #1/INFO] [com.cupboard.Cupboard/]: Loaded config for: connectivity.json
[28dic2025 17:11:02.048] [Netty Epoll Server IO #1/INFO] [net.minecraftforge.server.ServerLifecycleHooks/SERVERHOOKS]: Disconnecting Player (server is still starting): literal{Server is still starting! Please wait before reconnecting.}
[28dic2025 17:11:02.202] [Server thread/INFO] [terrablender/]: Initialized TerraBlender biomes for level stem minecraft:overworld
[28dic2025 17:11:02.203] [Server thread/INFO] [net.minecraft.server.dedicated.DedicatedServer/]: Preparing level "world"
[28dic2025 17:11:03.322] [Netty Epoll Server IO #2/INFO] [net.minecraftforge.server.ServerLifecycleHooks/SERVERHOOKS]: Disconnecting Player (server is still starting): literal{Server is still starting! Please wait before reconnecting.}
[28dic2025 17:11:04.076] [Server thread/INFO] [justabattery/]: [JustABattery]: Battery recipe injected.
[28dic2025 17:11:04.952] [Forge Version Check/WARN] [net.minecraftforge.fml.VersionChecker/]: Failed to process update information
java.net.http.HttpConnectTimeoutException: HTTP connect timed out
	at jdk.internal.net.http.HttpClientImpl.send(HttpClientImpl.java:894) ~[java.net.http:?]
	at jdk.internal.net.http.HttpClientFacade.send(HttpClientFacade.java:133) ~[java.net.http:?]
	at net.minecraftforge.fml.VersionChecker$1.openUrlString(VersionChecker.java:142) ~[fmlcore-1.20.1-47.4.0.jar%23294!/:?]
	at net.minecraftforge.fml.VersionChecker$1.process(VersionChecker.java:180) ~[fmlcore-1.20.1-47.4.0.jar%23294!/:?]
	at java.lang.Iterable.forEach(Iterable.java:75) ~[?:?]
	at net.minecraftforge.fml.VersionChecker$1.run(VersionChecker.java:117) ~[fmlcore-1.20.1-47.4.0.jar%23294!/:?]
Caused by: java.net.http.HttpConnectTimeoutException: HTTP connect timed out
	at jdk.internal.net.http.ResponseTimerEvent.handle(ResponseTimerEvent.java:68) ~[java.net.http:?]
	at jdk.internal.net.http.HttpClientImpl.purgeTimeoutsAndReturnNextDeadline(HttpClientImpl.java:1693) ~[java.net.http:?]
	at jdk.internal.net.http.HttpClientImpl$SelectorManager.run(HttpClientImpl.java:1311) ~[java.net.http:?]
Caused by: java.net.ConnectException: HTTP connect timed out
	at jdk.internal.net.http.ResponseTimerEvent.handle(ResponseTimerEvent.java:69) ~[java.net.http:?]
	at jdk.internal.net.http.HttpClientImpl.purgeTimeoutsAndReturnNextDeadline(HttpClientImpl.java:1693) ~[java.net.http:?]
	at jdk.internal.net.http.HttpClientImpl$SelectorManager.run(HttpClientImpl.java:1311) ~[java.net.http:?]
[28dic2025 17:11:04.955] [Forge Version Check/INFO] [net.minecraftforge.fml.VersionChecker/]: [canary] Starting version check at https://github.com/AbdElAziz333/Canary/raw/mc1.19.2/dev/updates.json
[28dic2025 17:11:05.140] [Forge Version Check/INFO] [net.minecraftforge.fml.VersionChecker/]: [canary] Found status: UP_TO_DATE Current: 0.3.3 Target: null
[28dic2025 17:11:05.144] [Forge Version Check/INFO] [net.minecraftforge.fml.VersionChecker/]: [ad_astra] Starting version check at https://api.modrinth.com/updates/3ufwT9JF/forge_updates.json
[28dic2025 17:11:05.363] [Forge Version Check/INFO] [net.minecraftforge.fml.VersionChecker/]: [ad_astra] Found status: UP_TO_DATE Current: 1.15.20 Target: null
[28dic2025 17:11:13.379] [Server thread/INFO] [net.minecraft.server.MinecraftServer/]: Preparing start region for dimension minecraft:overworld
[28dic2025 17:11:15.362] [Worker-Main-3/INFO] [net.minecraft.server.level.progress.LoggerChunkProgressListener/]: Preparing spawn area: 0%
[28dic2025 17:11:15.447] [Worker-Main-1/INFO] [net.minecraft.server.level.progress.LoggerChunkProgressListener/]: Preparing spawn area: 0%
[28dic2025 17:11:15.462] [Worker-Main-1/INFO] [net.minecraft.server.level.progress.LoggerChunkProgressListener/]: Preparing spawn area: 0%
[28dic2025 17:11:15.497] [Worker-Main-6/INFO] [net.minecraft.server.level.progress.LoggerChunkProgressListener/]: Preparing spawn area: 0%
[28dic2025 17:11:15.509] [Worker-Main-1/INFO] [net.minecraft.server.level.progress.LoggerChunkProgressListener/]: Preparing spawn area: 0%
[28dic2025 17:11:16.321] [Worker-Main-4/INFO] [net.minecraft.server.level.progress.LoggerChunkProgressListener/]: Preparing spawn area: 0%
[28dic2025 17:11:16.394] [Worker-Main-3/INFO] [net.minecraft.server.level.progress.LoggerChunkProgressListener/]: Preparing spawn area: 0%
[28dic2025 17:11:17.800] [Worker-Main-1/INFO] [net.minecraft.server.level.progress.LoggerChunkProgressListener/]: Preparing spawn area: 0%
[28dic2025 17:11:17.804] [Worker-Main-2/INFO] [net.minecraft.server.level.progress.LoggerChunkProgressListener/]: Preparing spawn area: 0%
[28dic2025 17:11:17.883] [Worker-Main-7/INFO] [net.minecraft.server.level.progress.LoggerChunkProgressListener/]: Preparing spawn area: 0%
[28dic2025 17:11:18.665] [Worker-Main-1/INFO] [net.minecraft.server.level.progress.LoggerChunkProgressListener/]: Preparing spawn area: 0%
[28dic2025 17:11:18.880] [Worker-Main-5/INFO] [net.minecraft.server.level.progress.LoggerChunkProgressListener/]: Preparing spawn area: 0%
[28dic2025 17:11:20.238] [Worker-Main-2/INFO] [net.minecraft.server.level.progress.LoggerChunkProgressListener/]: Preparing spawn area: 0%
[28dic2025 17:11:20.243] [Worker-Main-3/INFO] [net.minecraft.server.level.progress.LoggerChunkProgressListener/]: Preparing spawn area: 0%
[28dic2025 17:11:20.386] [Worker-Main-3/INFO] [net.minecraft.server.level.progress.LoggerChunkProgressListener/]: Preparing spawn area: 0%
[28dic2025 17:11:20.880] [Worker-Main-6/INFO] [net.minecraft.server.level.progress.LoggerChunkProgressListener/]: Preparing spawn area: 5%
[28dic2025 17:11:21.380] [Worker-Main-1/INFO] [net.minecraft.server.level.progress.LoggerChunkProgressListener/]: Preparing spawn area: 42%
[28dic2025 17:11:21.880] [Worker-Main-2/INFO] [net.minecraft.server.level.progress.LoggerChunkProgressListener/]: Preparing spawn area: 85%
[28dic2025 17:11:22.182] [Server thread/INFO] [net.minecraft.server.level.progress.LoggerChunkProgressListener/]: Time elapsed: 8802 ms
[28dic2025 17:11:22.182] [Server thread/INFO] [net.minecraft.server.dedicated.DedicatedServer/]: Done (21.863s)! For help, type "help"
[28dic2025 17:11:22.785] [Server thread/INFO] [net.minecraftforge.server.permission.PermissionAPI/]: Successfully initialized permission handler forge:default_handler
[28dic2025 17:11:22.799] [Server thread/INFO] [com.cupboard.Cupboard/]: Loaded config for: chunksending.json
[28dic2025 17:11:22.800] [Server thread/INFO] [com.cupboard.Cupboard/]: Loaded config for: betterfpsdist.json
[28dic2025 17:11:22.800] [Server thread/INFO] [com.cupboard.Cupboard/]: Loaded config for: farsight.json
[28dic2025 17:11:22.805] [Server thread/ERROR] [mekanism.common.Mekanism/]: Incomplete recipe detected: mekanism:crushing/venus_sandstone_to_venus_sand
[28dic2025 17:11:22.806] [Server thread/ERROR] [mekanism.common.Mekanism/]: Empty item ingredient: {"tag":"forge:sandstone/venus_sandstone"}
[28dic2025 17:11:22.984] [Server thread/INFO] [immersiveengineering/]: Couldn't fully analyze 1 netherite_space_boots, missing knowledge for {1 netherite_boots=1.0}
[28dic2025 17:11:22.985] [Server thread/INFO] [immersiveengineering/]: Couldn't fully analyze 1 netherite_space_helmet, missing knowledge for {1 netherite_helmet=1.0}
[28dic2025 17:11:22.985] [Server thread/INFO] [immersiveengineering/]: Couldn't fully analyze 1 free_runners_armored, missing knowledge for {1 free_runners=1.0}
[28dic2025 17:11:22.985] [Server thread/INFO] [immersiveengineering/]: Couldn't fully analyze 1 netherite_space_suit, missing knowledge for {1 netherite_chestplate=1.0}
[28dic2025 17:11:22.986] [Server thread/INFO] [immersiveengineering/]: Couldn't fully analyze 1 jet_suit_pants, missing knowledge for {1 netherite_space_pants=1.0}
[28dic2025 17:11:22.986] [Server thread/INFO] [immersiveengineering/]: Couldn't fully analyze 1 jet_suit_boots, missing knowledge for {1 netherite_space_boots=1.0}
[28dic2025 17:11:22.986] [Server thread/INFO] [immersiveengineering/]: Couldn't fully analyze 1 radiator, missing knowledge for {1 water_bucket=0.25}
[28dic2025 17:11:22.986] [Server thread/INFO] [immersiveengineering/]: Couldn't fully analyze 1 netherite_space_pants, missing knowledge for {1 netherite_leggings=1.0}
[28dic2025 17:11:22.987] [Server thread/INFO] [immersiveengineering/]: Couldn't fully analyze 1 jet_suit, missing knowledge for {1 netherite_space_suit=1.0}
[28dic2025 17:11:22.987] [Server thread/INFO] [immersiveengineering/]: Finished recipe profiler for Arc Recycling, took 145 milliseconds
[28dic2025 17:11:42.238] [Server thread/INFO] [net.minecraft.server.players.PlayerList/]: ByPoo[/127.99.5.35:37975] logged in with entity id 93 at (-428.0834869005967, 72.0, 150.9859190878713)
[28dic2025 17:11:42.448] [Server thread/INFO] [net.minecraft.server.MinecraftServer/]: ByPoo joined the game
[28dic2025 17:11:42.693] [Server thread/INFO] [Jade/]: Syncing config to ByPoo (b5fba79a-c0c4-347e-904f-daf8c61820e9)
[28dic2025 17:11:42.940] [Netty Epoll Server IO #4/INFO] [immersiveengineering/]: Recipes for potions: minecraft:weakness, minecraft:poison, minecraft:long_strength, minecraft:long_swiftness, minecraft:water, minecraft:regeneration, minecraft:slowness, minecraft:long_regeneration, minecraft:strong_turtle_master, minecraft:long_fire_resistance, minecraft:long_invisibility, minecraft:long_night_vision, minecraft:strong_swiftness, minecraft:strong_poison, minecraft:long_leaping, minecraft:turtle_master, minecraft:long_turtle_master, minecraft:healing, minecraft:fire_resistance, minecraft:strong_slowness, minecraft:strength, minecraft:strong_healing, minecraft:slow_falling, minecraft:long_slow_falling, minecraft:night_vision, minecraft:long_poison, minecraft:harming, minecraft:awkward, minecraft:long_weakness, minecraft:invisibility, minecraft:leaping, minecraft:strong_leaping, minecraft:long_slowness, minecraft:swiftness, minecraft:water_breathing, minecraft:long_water_breathing, minecraft:strong_regeneration, minecraft:strong_harming, minecraft:strong_strength
[28dic2025 17:11:44.609] [Server thread/WARN] [net.minecraft.server.MinecraftServer/]: Can't keep up! Is the server overloaded? Running 2472ms or 49 ticks behind
[28dic2025 17:11:45.563] [Server thread/INFO] [net.minecraft.server.players.PlayerList/]: andytch[/127.180.79.29:46185] logged in with entity id 182 at (-942.4539250679387, 8.0, -436.5471853293506)
[28dic2025 17:11:45.614] [Server thread/INFO] [net.minecraft.server.MinecraftServer/]: andytch joined the game
[28dic2025 17:11:45.693] [Server thread/INFO] [Jade/]: Syncing config to andytch (fc0909e7-2a4f-3524-8375-a6bc67b76d0d)
[28dic2025 17:11:49.474] [Server thread/INFO] [com.simibubi.create.Create/]: RecipeTrie of depth 5 with 2396 nodes built with 3282 variants, 662 ingredients, and 2172 recipes
[28dic2025 17:12:35.901] [Server thread/INFO] [net.minecraft.server.network.ServerGamePacketListenerImpl/]: andytch lost connection: You logged in from another location
[28dic2025 17:12:35.901] [Server thread/INFO] [net.minecraft.server.MinecraftServer/]: andytch left the game
[28dic2025 17:12:35.950] [Server thread/INFO] [net.minecraft.server.players.PlayerList/]: andytch[/127.180.79.29:39609] logged in with entity id 639 at (-942.4539250679387, 8.0, -436.5471853293506)
[28dic2025 17:12:35.975] [Server thread/INFO] [net.minecraft.server.MinecraftServer/]: andytch joined the game
[28dic2025 17:12:36.056] [Server thread/INFO] [Jade/]: Syncing config to andytch (fc0909e7-2a4f-3524-8375-a6bc67b76d0d)
[28dic2025 17:18:56.804] [Server thread/INFO] [net.minecraft.server.MinecraftServer/]: andytch was shot by Skeleton
[28dic2025 17:19:24.620] [Server thread/INFO] [net.minecraft.server.MinecraftServer/]: [ByPoo: Teleported andytch to ByPoo]
[28dic2025 17:26:19.500] [Server thread/INFO] [net.minecraft.server.MinecraftServer/]: andytch drowned
[28dic2025 17:30:06.025] [Server thread/WARN] [net.minecraft.server.MinecraftServer/]: Can't keep up! Is the server overloaded? Running 39837ms or 796 ticks behind
[28dic2025 17:31:34.818] [Server thread/INFO] [net.minecraft.server.MinecraftServer/]: [ByPoo: Teleported andytch to ByPoo]
[28dic2025 17:38:24.095] [Server thread/INFO] [net.minecraft.server.MinecraftServer/]: ByPoo has made the advancement [Complex Curiosities]
[28dic2025 17:38:56.052] [Server thread/INFO] [net.minecraft.server.MinecraftServer/]: ByPoo has made the advancement [The Brass Age]
[28dic2025 17:41:04.351] [Server thread/WARN] [net.minecraft.server.network.ServerGamePacketListenerImpl/]: ByPoo was kicked for floating too long!
[28dic2025 17:41:04.413] [Server thread/INFO] [net.minecraft.server.network.ServerGamePacketListenerImpl/]: ByPoo lost connection: Flying is not enabled on this server
[28dic2025 17:41:04.414] [Server thread/INFO] [net.minecraft.server.MinecraftServer/]: ByPoo left the game
[28dic2025 17:41:04.820] [Server thread/INFO] [net.minecraft.server.MinecraftServer/]: andytch has made the advancement [Old-School]
[28dic2025 17:41:43.586] [Server thread/INFO] [net.minecraft.server.players.PlayerList/]: ByPoo[/127.99.5.35:49545] logged in with entity id 11329 at (-428.58804501228093, 73.02442408821369, 142.95826449550472)
[28dic2025 17:41:43.624] [Server thread/INFO] [net.minecraft.server.MinecraftServer/]: ByPoo joined the game
[28dic2025 17:41:43.706] [Server thread/INFO] [Jade/]: Syncing config to ByPoo (b5fba79a-c0c4-347e-904f-daf8c61820e9)
[28dic2025 17:45:47.574] [Server thread/INFO] [net.minecraft.server.players.PlayerList/]: Andrwrw[/127.149.49.72:40467] logged in with entity id 12940 at (1030.2257917805582, 118.0, 3859.5879484836637)
[28dic2025 17:45:47.599] [Server thread/INFO] [net.minecraft.server.MinecraftServer/]: Andrwrw joined the game
[28dic2025 17:45:47.723] [Server thread/INFO] [Jade/]: Syncing config to Andrwrw (52c67d1a-846b-34ff-ae6a-8347df434610)
[28dic2025 17:45:54.982] [Server thread/WARN] [net.minecraft.server.MinecraftServer/]: Can't keep up! Is the server overloaded? Running 7344ms or 146 ticks behind
[28dic2025 17:50:40.096] [Worker-Main-5/WARN] [net.minecraft.world.level.levelgen.structure.pools.JigsawPlacement/]: Empty or non-existent pool: fossil:tar_site/tent_options
[28dic2025 17:59:33.107] [Server thread/INFO] [net.minecraft.server.MinecraftServer/]: andytch has made the advancement [Light as a Rabbit]
[28dic2025 17:59:44.822] [Server thread/WARN] [net.minecraft.server.network.ServerGamePacketListenerImpl/]: Andrwrw moved too quickly! 9.428170422586732,0.672024404099929,3.503954132999752
[28dic2025 17:59:59.824] [Server thread/WARN] [net.minecraft.server.network.ServerGamePacketListenerImpl/]: andytch moved too quickly! 8.851222668948367,1.0,-5.09194787692536
[28dic2025 18:00:22.460] [Server thread/INFO] [net.minecraft.server.MinecraftServer/]: andytch was shot by Pillager
[28dic2025 18:00:29.955] [Server thread/INFO] [net.minecraft.server.network.ServerGamePacketListenerImpl/]: andytch lost connection: Disconnected
[28dic2025 18:00:29.956] [Server thread/INFO] [net.minecraft.server.MinecraftServer/]: andytch left the game
[28dic2025 18:00:32.205] [Server thread/INFO] [net.minecraft.server.network.ServerGamePacketListenerImpl/]: Andrwrw lost connection: Timed out
[28dic2025 18:00:32.205] [Server thread/INFO] [net.minecraft.server.MinecraftServer/]: Andrwrw left the game
[28dic2025 18:00:43.350] [Server thread/INFO] [net.minecraft.server.network.ServerGamePacketListenerImpl/]: ByPoo lost connection: Timed out
[28dic2025 18:00:43.350] [Server thread/INFO] [net.minecraft.server.MinecraftServer/]: ByPoo left the game
[28dic2025 18:00:54.279] [Server thread/INFO] [net.minecraft.server.players.PlayerList/]: andytch[/127.180.79.29:46679] logged in with entity id 23743 at (-321.9355114880213, 152.0, 1284.041057665137)
[28dic2025 18:00:54.315] [Server thread/INFO] [net.minecraft.server.MinecraftServer/]: andytch joined the game
[28dic2025 18:00:54.320] [Server thread/INFO] [Jade/]: Syncing config to andytch (fc0909e7-2a4f-3524-8375-a6bc67b76d0d)
[28dic2025 18:01:15.764] [Server thread/INFO] [net.minecraft.server.network.ServerLoginPacketListenerImpl/]: com.mojang.authlib.GameProfile@70ddf8a5[id=<null>,name=ByPoo,properties={},legacy=false] (/127.99.5.35:57503) lost connection: Disconnected
[28dic2025 18:02:12.151] [Server thread/INFO] [net.minecraft.server.network.ServerLoginPacketListenerImpl/]: com.mojang.authlib.GameProfile@18595628[id=<null>,name=ByPoo,properties={},legacy=false] (/127.99.5.35:57867) lost connection: Disconnected
[28dic2025 18:03:07.498] [Server thread/INFO] [net.minecraft.server.network.ServerGamePacketListenerImpl/]: andytch lost connection: Timed out
[28dic2025 18:03:07.499] [Server thread/INFO] [net.minecraft.server.MinecraftServer/]: andytch left the game
[28dic2025 18:03:14.448] [Server thread/INFO] [net.minecraft.server.network.ServerLoginPacketListenerImpl/]: com.mojang.authlib.GameProfile@82129c5[id=<null>,name=ByPoo,properties={},legacy=false] (/127.99.5.35:58851) lost connection: Disconnected
[28dic2025 18:05:43.440] [Server thread/INFO] [net.minecraft.server.network.ServerLoginPacketListenerImpl/]: com.mojang.authlib.GameProfile@71ca479c[id=<null>,name=ByPoo,properties={},legacy=false] (/127.99.5.35:33409) lost connection: Disconnected
[28dic2025 18:06:55.904] [Server thread/INFO] [net.minecraft.server.MinecraftServer/]: Stopping server
[28dic2025 18:06:55.904] [Server thread/INFO] [net.minecraft.server.MinecraftServer/]: Saving players
[28dic2025 18:06:55.905] [Server thread/INFO] [net.minecraft.server.MinecraftServer/]: Saving worlds
[28dic2025 18:06:56.015] [Server thread/INFO] [net.minecraft.server.MinecraftServer/]: Saving chunks for level 'ServerLevel[world]'/minecraft:overworld
[28dic2025 18:07:06.113] [Server thread/INFO] [net.minecraft.server.MinecraftServer/]: Saving chunks for level 'ServerLevel[world]'/ad_astra:earth_orbit
[28dic2025 18:07:06.114] [Server thread/INFO] [net.minecraft.server.MinecraftServer/]: Saving chunks for level 'ServerLevel[world]'/ad_astra:mercury
[28dic2025 18:07:06.115] [Server thread/INFO] [net.minecraft.server.MinecraftServer/]: Saving chunks for level 'ServerLevel[world]'/ad_astra:mars
[28dic2025 18:07:06.116] [Server thread/INFO] [net.minecraft.server.MinecraftServer/]: Saving chunks for level 'ServerLevel[world]'/ad_astra:moon_orbit
[28dic2025 18:07:06.116] [Server thread/INFO] [net.minecraft.server.MinecraftServer/]: Saving chunks for level 'ServerLevel[world]'/ad_astra:glacio_orbit
[28dic2025 18:07:06.117] [Server thread/INFO] [net.minecraft.server.MinecraftServer/]: Saving chunks for level 'ServerLevel[world]'/minecraft:the_nether
[28dic2025 18:07:06.117] [Server thread/INFO] [net.minecraft.server.MinecraftServer/]: Saving chunks for level 'ServerLevel[world]'/fossil:anu_lair
[28dic2025 18:07:06.118] [Server thread/INFO] [net.minecraft.server.MinecraftServer/]: Saving chunks for level 'ServerLevel[world]'/minecraft:the_end
[28dic2025 18:07:06.119] [Server thread/INFO] [net.minecraft.server.MinecraftServer/]: Saving chunks for level 'ServerLevel[world]'/ad_astra:mercury_orbit
[28dic2025 18:07:06.119] [Server thread/INFO] [net.minecraft.server.MinecraftServer/]: Saving chunks for level 'ServerLevel[world]'/ad_astra:mars_orbit
[28dic2025 18:07:06.120] [Server thread/INFO] [net.minecraft.server.MinecraftServer/]: Saving chunks for level 'ServerLevel[world]'/fossil:treasure_room
[28dic2025 18:07:06.121] [Server thread/INFO] [net.minecraft.server.MinecraftServer/]: Saving chunks for level 'ServerLevel[world]'/ad_astra:moon
[28dic2025 18:07:06.121] [Server thread/INFO] [net.minecraft.server.MinecraftServer/]: Saving chunks for level 'ServerLevel[world]'/ad_astra:venus_orbit
[28dic2025 18:07:06.124] [Server thread/INFO] [net.minecraft.server.MinecraftServer/]: Saving chunks for level 'ServerLevel[world]'/ad_astra:venus
[28dic2025 18:07:06.125] [Server thread/INFO] [net.minecraft.server.MinecraftServer/]: Saving chunks for level 'ServerLevel[world]'/ad_astra:glacio
[28dic2025 18:07:06.272] [Server thread/INFO] [net.minecraft.server.MinecraftServer/]: ThreadedAnvilChunkStorage (world): All chunks are saved
[28dic2025 18:07:06.272] [Server thread/INFO] [net.minecraft.server.MinecraftServer/]: ThreadedAnvilChunkStorage (earth_orbit): All chunks are saved
[28dic2025 18:07:06.272] [Server thread/INFO] [net.minecraft.server.MinecraftServer/]: ThreadedAnvilChunkStorage (mercury): All chunks are saved
[28dic2025 18:07:06.272] [Server thread/INFO] [net.minecraft.server.MinecraftServer/]: ThreadedAnvilChunkStorage (mars): All chunks are saved
[28dic2025 18:07:06.272] [Server thread/INFO] [net.minecraft.server.MinecraftServer/]: ThreadedAnvilChunkStorage (moon_orbit): All chunks are saved
[28dic2025 18:07:06.272] [Server thread/INFO] [net.minecraft.server.MinecraftServer/]: ThreadedAnvilChunkStorage (glacio_orbit): All chunks are saved
[28dic2025 18:07:06.272] [Server thread/INFO] [net.minecraft.server.MinecraftServer/]: ThreadedAnvilChunkStorage (DIM-1): All chunks are saved
[28dic2025 18:07:06.272] [Server thread/INFO] [net.minecraft.server.MinecraftServer/]: ThreadedAnvilChunkStorage (anu_lair): All chunks are saved
[28dic2025 18:07:06.272] [Server thread/INFO] [net.minecraft.server.MinecraftServer/]: ThreadedAnvilChunkStorage (DIM1): All chunks are saved
[28dic2025 18:07:06.272] [Server thread/INFO] [net.minecraft.server.MinecraftServer/]: ThreadedAnvilChunkStorage (mercury_orbit): All chunks are saved
[28dic2025 18:07:06.272] [Server thread/INFO] [net.minecraft.server.MinecraftServer/]: ThreadedAnvilChunkStorage (mars_orbit): All chunks are saved
[28dic2025 18:07:06.272] [Server thread/INFO] [net.minecraft.server.MinecraftServer/]: ThreadedAnvilChunkStorage (treasure_room): All chunks are saved
[28dic2025 18:07:06.273] [Server thread/INFO] [net.minecraft.server.MinecraftServer/]: ThreadedAnvilChunkStorage (moon): All chunks are saved
[28dic2025 18:07:06.273] [Server thread/INFO] [net.minecraft.server.MinecraftServer/]: ThreadedAnvilChunkStorage (venus_orbit): All chunks are saved
[28dic2025 18:07:06.273] [Server thread/INFO] [net.minecraft.server.MinecraftServer/]: ThreadedAnvilChunkStorage (venus): All chunks are saved
[28dic2025 18:07:06.273] [Server thread/INFO] [net.minecraft.server.MinecraftServer/]: ThreadedAnvilChunkStorage (glacio): All chunks are saved
[28dic2025 18:07:06.273] [Server thread/INFO] [net.minecraft.server.MinecraftServer/]: ThreadedAnvilChunkStorage: All dimensions are saved
[28dic2025 18:07:10.105] [Server thread/INFO] [Framework/]: Unloading server configs...
[28dic2025 18:07:10.106] [Server thread/INFO] [Framework/]: Sending config unload event for backpacked.server.toml
[28dic2025 18:07:10.107] [Server thread/INFO] [Framework/]: Finished unloading server configs
